domain,kingdom,phylum,class,order,family,genus,species
Eukaryota,Metazoa,Chordata,Actinopteri,Acanthuriformes,Acanthuridae,Acanthurus,Acanthurus achilles
Eukaryota,Metazoa,Chordata,Actinopteri,Acanthuriformes,Acanthuridae,Acanthurus,Acanthurus blochii
Eukaryota,Metazoa,Chordata,Actinopteri,Acanthuriformes,Acanthuridae,Acanthurus,Acanthurus dussumieri
Eukaryota,Metazoa,Chordata,Actinopteri,Acanthuriformes,Acanthuridae,Acanthurus,Acanthurus guttatus
Eukaryota,Metazoa,Chordata,Actinopteri,Acanthuriformes,Acanthuridae,Acanthurus,Acanthurus leucopareius
Eukaryota,Metazoa,Chordata,Actinopteri,Acanthuriformes,Acanthuridae,Acanthurus,Acanthurus lineatus
Eukaryota,Metazoa,Chordata,Actinopteri,Acanthuriformes,Acanthuridae,Acanthurus,Acanthurus nigricans
Eukaryota,Metazoa,Chordata,Actinopteri,Acanthuriformes,Acanthuridae,Acanthurus,Acanthurus nigrofuscus
Eukaryota,Metazoa,Chordata,Actinopteri,Acanthuriformes,Acanthuridae,Acanthurus,Acanthurus nigroris
Eukaryota,Metazoa,Chordata,Actinopteri,Acanthuriformes,Acanthuridae,Acanthurus,Acanthurus olivaceus
Eukaryota,Metazoa,Chordata,Actinopteri,Acanthuriformes,Acanthuridae,Acanthurus,Acanthurus thompsoni
Eukaryota,Metazoa,Chordata,Actinopteri,Acanthuriformes,Acanthuridae,Acanthurus,Acanthurus triostegus
Eukaryota,Metazoa,Chordata,Actinopteri,Acanthuriformes,Acanthuridae,Acanthurus,Acanthurus xanthopterus
Eukaryota,Metazoa,Chordata,Actinopteri,Acanthuriformes,Acanthuridae,Ctenochaetus,Ctenochaetus hawaiiensis
Eukaryota,Metazoa,Chordata,Actinopteri,Acanthuriformes,Acanthuridae,Ctenochaetus,Ctenochaetus marginatus
Eukaryota,Metazoa,Chordata,Actinopteri,Acanthuriformes,Acanthuridae,Ctenochaetus,Ctenochaetus strigosus
Eukaryota,Metazoa,Chordata,Actinopteri,Acanthuriformes,Acanthuridae,Naso,Naso annulatus
Eukaryota,Metazoa,Chordata,Actinopteri,Acanthuriformes,Acanthuridae,Naso,Naso brevirostris
Eukaryota,Metazoa,Chordata,Actinopteri,Acanthuriformes,Acanthuridae,Naso,Naso caesius
Eukaryota,Metazoa,Chordata,Actinopteri,Acanthuriformes,Acanthuridae,Naso,Naso hexacanthus
Eukaryota,Metazoa,Chordata,Actinopteri,Acanthuriformes,Acanthuridae,Naso,Naso lituratus
Eukaryota,Metazoa,Chordata,Actinopteri,Acanthuriformes,Acanthuridae,Naso,Naso maculatus
Eukaryota,Metazoa,Chordata,Actinopteri,Acanthuriformes,Acanthuridae,Naso,Naso unicornis
Eukaryota,Metazoa,Chordata,Actinopteri,Acanthuriformes,Acanthuridae,Paracanthurus,Paracanthurus hepatus
Eukaryota,Metazoa,Chordata,Actinopteri,Acanthuriformes,Acanthuridae,Zebrasoma,Zebrasoma flavescens
Eukaryota,Metazoa,Chordata,Actinopteri,Acanthuriformes,Acanthuridae,Zebrasoma,Zebrasoma rostratum
Eukaryota,Metazoa,Chordata,Actinopteri,Acanthuriformes,Acanthuridae,Zebrasoma,Zebrasoma velifer
Eukaryota,Metazoa,Chordata,Actinopteri,Acanthuriformes,Luvaridae,Luvarus,Luvarus imperialis
Eukaryota,Metazoa,Chordata,Actinopteri,Acanthuriformes,Zanclidae,Zanclus,Zanclus cornutus
Eukaryota,Metazoa,Chordata,Actinopteri,Acropomatiformes,Acropomatidae,Synagrops,Synagrops japonicus
Eukaryota,Metazoa,Chordata,Actinopteri,Acropomatiformes,Creediidae,Crystallodytes,Crystallodytes cookei
Eukaryota,Metazoa,Chordata,Actinopteri,Acropomatiformes,Creediidae,Limnichthys,Limnichthys nitidus
Eukaryota,Metazoa,Chordata,Actinopteri,Acropomatiformes,Epigonidae,Brephostoma,Brephostoma carpenteri
Eukaryota,Metazoa,Chordata,Actinopteri,Acropomatiformes,Epigonidae,Epigonus,Epigonus atherinoides
Eukaryota,Metazoa,Chordata,Actinopteri,Acropomatiformes,Howellidae,Bathysphyraenops,Bathysphyraenops simplex
Eukaryota,Metazoa,Chordata,Actinopteri,Acropomatiformes,Howellidae,Howella,Howella brodiei
Eukaryota,Metazoa,Chordata,Actinopteri,Acropomatiformes,Howellidae,Howella,Howella parini
Eukaryota,Metazoa,Chordata,Actinopteri,Acropomatiformes,Howellidae,Howella,Howella zina
Eukaryota,Metazoa,Chordata,Actinopteri,Acropomatiformes,Pentacerotidae,Evistias,Evistias acutirostris
Eukaryota,Metazoa,Chordata,Actinopteri,Acropomatiformes,Pentacerotidae,Pentaceros,Pentaceros wheeleri
Eukaryota,Metazoa,Chordata,Actinopteri,Acropomatiformes,Symphysanodontidae,Symphysanodon,Symphysanodon katayamai
Eukaryota,Metazoa,Chordata,Actinopteri,Acropomatiformes,Symphysanodontidae,Symphysanodon,Symphysanodon maunaloae
Eukaryota,Metazoa,Chordata,Actinopteri,Acropomatiformes,Symphysanodontidae,Symphysanodon,Symphysanodon typus
Eukaryota,Metazoa,Chordata,Actinopteri,Albuliformes,Albulidae,Albula,Albula glossodonta
Eukaryota,Metazoa,Chordata,Actinopteri,Albuliformes,Albulidae,Albula,Albula virgata
Eukaryota,Metazoa,Chordata,Actinopteri,Alepocephaliformes,Alepocephalidae,Herwigia,Herwigia kreffti
Eukaryota,Metazoa,Chordata,Actinopteri,Alepocephaliformes,Alepocephalidae,Photostylus,Photostylus pycnopterus
Eukaryota,Metazoa,Chordata,Actinopteri,Alepocephaliformes,Platytroctidae,Holtbyrnia,Holtbyrnia innesi
Eukaryota,Metazoa,Chordata,Actinopteri,Alepocephaliformes,Platytroctidae,Maulisia,Maulisia argipalla
Eukaryota,Metazoa,Chordata,Actinopteri,Alepocephaliformes,Platytroctidae,Sagamichthys,Sagamichthys abei
Eukaryota,Metazoa,Chordata,Actinopteri,Anguilliformes,Chlopsidae,Chilorhinus,Chilorhinus platyrhynchus
Eukaryota,Metazoa,Chordata,Actinopteri,Anguilliformes,Chlopsidae,Kaupichthys,Kaupichthys diodontus
Eukaryota,Metazoa,Chordata,Actinopteri,Anguilliformes,Chlopsidae,Xenoconger,Xenoconger fryeri
Eukaryota,Metazoa,Chordata,Actinopteri,Anguilliformes,Congridae,Ariosoma,Ariosoma fasciatum
Eukaryota,Metazoa,Chordata,Actinopteri,Anguilliformes,Congridae,Bathyuroconger,Bathyuroconger vicinus
Eukaryota,Metazoa,Chordata,Actinopteri,Anguilliformes,Congridae,Gnathophis,Gnathophis nystromi
Eukaryota,Metazoa,Chordata,Actinopteri,Anguilliformes,Congridae,Uroconger,Uroconger lepturus
Eukaryota,Metazoa,Chordata,Actinopteri,Anguilliformes,Cyematidae,Cyema,Cyema atrum
Eukaryota,Metazoa,Chordata,Actinopteri,Anguilliformes,Derichthyidae,Derichthys,Derichthys serpentinus
Eukaryota,Metazoa,Chordata,Actinopteri,Anguilliformes,Eurypharyngidae,Eurypharynx,Eurypharynx pelecanoides
Eukaryota,Metazoa,Chordata,Actinopteri,Anguilliformes,Muraenidae,Anarchias,Anarchias seychellensis
Eukaryota,Metazoa,Chordata,Actinopteri,Anguilliformes,Muraenidae,Echidna,Echidna leucotaenia
Eukaryota,Metazoa,Chordata,Actinopteri,Anguilliformes,Muraenidae,Echidna,Echidna nebulosa
Eukaryota,Metazoa,Chordata,Actinopteri,Anguilliformes,Muraenidae,Echidna,Echidna polyzona
Eukaryota,Metazoa,Chordata,Actinopteri,Anguilliformes,Muraenidae,Echidna,Echidna unicolor
Eukaryota,Metazoa,Chordata,Actinopteri,Anguilliformes,Muraenidae,Enchelycore,Enchelycore pardalis
Eukaryota,Metazoa,Chordata,Actinopteri,Anguilliformes,Muraenidae,Enchelynassa,Enchelynassa canina
Eukaryota,Metazoa,Chordata,Actinopteri,Anguilliformes,Muraenidae,Gymnomuraena,Gymnomuraena zebra
Eukaryota,Metazoa,Chordata,Actinopteri,Anguilliformes,Muraenidae,Gymnothorax,Gymnothorax berndti
Eukaryota,Metazoa,Chordata,Actinopteri,Anguilliformes,Muraenidae,Gymnothorax,Gymnothorax buroensis
Eukaryota,Metazoa,Chordata,Actinopteri,Anguilliformes,Muraenidae,Gymnothorax,Gymnothorax chilospilus
Eukaryota,Metazoa,Chordata,Actinopteri,Anguilliformes,Muraenidae,Gymnothorax,Gymnothorax elegans
Eukaryota,Metazoa,Chordata,Actinopteri,Anguilliformes,Muraenidae,Gymnothorax,Gymnothorax eurostus
Eukaryota,Metazoa,Chordata,Actinopteri,Anguilliformes,Muraenidae,Gymnothorax,Gymnothorax flavimarginatus
Eukaryota,Metazoa,Chordata,Actinopteri,Anguilliformes,Muraenidae,Gymnothorax,Gymnothorax fuscomaculatus
Eukaryota,Metazoa,Chordata,Actinopteri,Anguilliformes,Muraenidae,Gymnothorax,Gymnothorax gracilicauda
Eukaryota,Metazoa,Chordata,Actinopteri,Anguilliformes,Muraenidae,Gymnothorax,Gymnothorax javanicus
Eukaryota,Metazoa,Chordata,Actinopteri,Anguilliformes,Muraenidae,Gymnothorax,Gymnothorax kidako
Eukaryota,Metazoa,Chordata,Actinopteri,Anguilliformes,Muraenidae,Gymnothorax,Gymnothorax margaritophorus
Eukaryota,Metazoa,Chordata,Actinopteri,Anguilliformes,Muraenidae,Gymnothorax,Gymnothorax melatremus
Eukaryota,Metazoa,Chordata,Actinopteri,Anguilliformes,Muraenidae,Gymnothorax,Gymnothorax meleagris
Eukaryota,Metazoa,Chordata,Actinopteri,Anguilliformes,Muraenidae,Gymnothorax,Gymnothorax nudivomer
Eukaryota,Metazoa,Chordata,Actinopteri,Anguilliformes,Muraenidae,Gymnothorax,Gymnothorax pictus
Eukaryota,Metazoa,Chordata,Actinopteri,Anguilliformes,Muraenidae,Gymnothorax,Gymnothorax pindae
Eukaryota,Metazoa,Chordata,Actinopteri,Anguilliformes,Muraenidae,Gymnothorax,Gymnothorax prismodon
Eukaryota,Metazoa,Chordata,Actinopteri,Anguilliformes,Muraenidae,Gymnothorax,Gymnothorax rueppelliae
Eukaryota,Metazoa,Chordata,Actinopteri,Anguilliformes,Muraenidae,Gymnothorax,Gymnothorax steindachneri
Eukaryota,Metazoa,Chordata,Actinopteri,Anguilliformes,Muraenidae,Gymnothorax,Gymnothorax undulatus
Eukaryota,Metazoa,Chordata,Actinopteri,Anguilliformes,Muraenidae,Gymnothorax,Gymnothorax ypsilon
Eukaryota,Metazoa,Chordata,Actinopteri,Anguilliformes,Muraenidae,Gymnothorax,Gymnothorax zonipectis
Eukaryota,Metazoa,Chordata,Actinopteri,Anguilliformes,Muraenidae,Monopenchelys,Monopenchelys acuta
Eukaryota,Metazoa,Chordata,Actinopteri,Anguilliformes,Muraenidae,Scuticaria,Scuticaria okinawae
Eukaryota,Metazoa,Chordata,Actinopteri,Anguilliformes,Muraenidae,Scuticaria,Scuticaria tigrina
Eukaryota,Metazoa,Chordata,Actinopteri,Anguilliformes,Muraenidae,Uropterygius,Uropterygius fuscoguttatus
Eukaryota,Metazoa,Chordata,Actinopteri,Anguilliformes,Muraenidae,Uropterygius,Uropterygius macrocephalus
Eukaryota,Metazoa,Chordata,Actinopteri,Anguilliformes,Muraenidae,NA,Gymnothorax
Eukaryota,Metazoa,Chordata,Actinopteri,Anguilliformes,Muraenidae,NA,Uropterygius
Eukaryota,Metazoa,Chordata,Actinopteri,Anguilliformes,Nemichthyidae,Labichthys,Labichthys carinatus
Eukaryota,Metazoa,Chordata,Actinopteri,Anguilliformes,Nemichthyidae,Nemichthys,Nemichthys larseni
Eukaryota,Metazoa,Chordata,Actinopteri,Anguilliformes,Nemichthyidae,Nemichthys,Nemichthys scolopaceus
Eukaryota,Metazoa,Chordata,Actinopteri,Anguilliformes,Nettastomatidae,Nettastoma,Nettastoma parviceps
Eukaryota,Metazoa,Chordata,Actinopteri,Anguilliformes,Nettastomatidae,Nettastoma,Nettastoma solitarium
Eukaryota,Metazoa,Chordata,Actinopteri,Anguilliformes,Ophichthidae,Apterichtus,Apterichtus klazingai
Eukaryota,Metazoa,Chordata,Actinopteri,Anguilliformes,Ophichthidae,Brachysomophis,Brachysomophis crocodilinus
Eukaryota,Metazoa,Chordata,Actinopteri,Anguilliformes,Ophichthidae,Brachysomophis,Brachysomophis henshawi
Eukaryota,Metazoa,Chordata,Actinopteri,Anguilliformes,Ophichthidae,Callechelys,Callechelys catostoma
Eukaryota,Metazoa,Chordata,Actinopteri,Anguilliformes,Ophichthidae,Callechelys,Callechelys marmorata
Eukaryota,Metazoa,Chordata,Actinopteri,Anguilliformes,Ophichthidae,Cirrhimuraena,Cirrhimuraena playfairii
Eukaryota,Metazoa,Chordata,Actinopteri,Anguilliformes,Ophichthidae,Ichthyapus,Ichthyapus vulturis
Eukaryota,Metazoa,Chordata,Actinopteri,Anguilliformes,Ophichthidae,Leiuranus,Leiuranus semicinctus
Eukaryota,Metazoa,Chordata,Actinopteri,Anguilliformes,Ophichthidae,Muraenichthys,Muraenichthys schultzei
Eukaryota,Metazoa,Chordata,Actinopteri,Anguilliformes,Ophichthidae,Myrichthys,Myrichthys colubrinus
Eukaryota,Metazoa,Chordata,Actinopteri,Anguilliformes,Ophichthidae,Myrichthys,Myrichthys magnificus
Eukaryota,Metazoa,Chordata,Actinopteri,Anguilliformes,Ophichthidae,Ophichthus,Ophichthus polyophthalmus
Eukaryota,Metazoa,Chordata,Actinopteri,Anguilliformes,Ophichthidae,Schismorhynchus,Schismorhynchus labialis
Eukaryota,Metazoa,Chordata,Actinopteri,Anguilliformes,Ophichthidae,Schultzidia,Schultzidia johnstonensis
Eukaryota,Metazoa,Chordata,Actinopteri,Anguilliformes,Ophichthidae,Scolecenchelys,Scolecenchelys gymnota
Eukaryota,Metazoa,Chordata,Actinopteri,Anguilliformes,Serrivomeridae,Serrivomer,Serrivomer sector
Eukaryota,Metazoa,Chordata,Actinopteri,Anguilliformes,Serrivomeridae,Stemonidium,Stemonidium hypomelas
Eukaryota,Metazoa,Chordata,Actinopteri,Anguilliformes,Synaphobranchidae,Dysommina,Dysommina rugosa
Eukaryota,Metazoa,Chordata,Actinopteri,Anguilliformes,Synaphobranchidae,Histiobranchus,Histiobranchus bathybius
Eukaryota,Metazoa,Chordata,Actinopteri,Anguilliformes,Synaphobranchidae,Meadia,Meadia abyssalis
Eukaryota,Metazoa,Chordata,Actinopteri,Anguilliformes,Synaphobranchidae,Simenchelys,Simenchelys parasitica
Eukaryota,Metazoa,Chordata,Actinopteri,Anguilliformes,Synaphobranchidae,Synaphobranchus,Synaphobranchus affinis
Eukaryota,Metazoa,Chordata,Actinopteri,Anguilliformes,Synaphobranchidae,Synaphobranchus,Synaphobranchus brevidorsalis
Eukaryota,Metazoa,Chordata,Actinopteri,Anguilliformes,Synaphobranchidae,Synaphobranchus,Synaphobranchus kaupii
Eukaryota,Metazoa,Chordata,Actinopteri,Argentiniformes,Bathylagidae,Dolicholagus,Dolicholagus longirostris
Eukaryota,Metazoa,Chordata,Actinopteri,Argentiniformes,Bathylagidae,Melanolagus,Melanolagus bericoides
Eukaryota,Metazoa,Chordata,Actinopteri,Argentiniformes,Microstomatidae,Microstoma,Microstoma microstoma
Eukaryota,Metazoa,Chordata,Actinopteri,Argentiniformes,Microstomatidae,Nansenia,Nansenia longicauda
Eukaryota,Metazoa,Chordata,Actinopteri,Argentiniformes,Opisthoproctidae,Monacoa,Monacoa grimaldii
Eukaryota,Metazoa,Chordata,Actinopteri,Argentiniformes,Opisthoproctidae,Opisthoproctus,Opisthoproctus soleatus
Eukaryota,Metazoa,Chordata,Actinopteri,Argentiniformes,Opisthoproctidae,Rhynchohyalus,Rhynchohyalus natalensis
Eukaryota,Metazoa,Chordata,Actinopteri,Argentiniformes,Opisthoproctidae,Winteria,Winteria telescopa
Eukaryota,Metazoa,Chordata,Actinopteri,Atheriniformes,Atherinidae,Atherinomorus,Atherinomorus insularum
Eukaryota,Metazoa,Chordata,Actinopteri,Atheriniformes,Isonidae,Iso,Iso hawaiiensis
Eukaryota,Metazoa,Chordata,Actinopteri,Aulopiformes,Alepisauridae,Alepisaurus,Alepisaurus ferox
Eukaryota,Metazoa,Chordata,Actinopteri,Aulopiformes,Alepisauridae,Omosudis,Omosudis lowii
Eukaryota,Metazoa,Chordata,Actinopteri,Aulopiformes,Bathysauridae,Bathysaurus,Bathysaurus mollis
Eukaryota,Metazoa,Chordata,Actinopteri,Aulopiformes,Evermannellidae,Coccorella,Coccorella atlantica
Eukaryota,Metazoa,Chordata,Actinopteri,Aulopiformes,Evermannellidae,Evermannella,Evermannella indica
Eukaryota,Metazoa,Chordata,Actinopteri,Aulopiformes,Evermannellidae,Odontostomops,Odontostomops normalops
Eukaryota,Metazoa,Chordata,Actinopteri,Aulopiformes,Giganturidae,Gigantura,Gigantura indica
Eukaryota,Metazoa,Chordata,Actinopteri,Aulopiformes,Ipnopidae,Bathypterois,Bathypterois atricolor
Eukaryota,Metazoa,Chordata,Actinopteri,Aulopiformes,Ipnopidae,Bathypterois,Bathypterois grallator
Eukaryota,Metazoa,Chordata,Actinopteri,Aulopiformes,Ipnopidae,Bathytyphlops,Bathytyphlops marionae
Eukaryota,Metazoa,Chordata,Actinopteri,Aulopiformes,Notosudidae,Scopelosaurus,Scopelosaurus hoedti
Eukaryota,Metazoa,Chordata,Actinopteri,Aulopiformes,Notosudidae,Scopelosaurus,Scopelosaurus smithii
Eukaryota,Metazoa,Chordata,Actinopteri,Aulopiformes,Paralepididae,Arctozenus,Arctozenus risso
Eukaryota,Metazoa,Chordata,Actinopteri,Aulopiformes,Paralepididae,Lestrolepis,Lestrolepis intermedia
Eukaryota,Metazoa,Chordata,Actinopteri,Aulopiformes,Paralepididae,Magnisudis,Magnisudis atlantica
Eukaryota,Metazoa,Chordata,Actinopteri,Aulopiformes,Paralepididae,Stemonosudis,Stemonosudis macrura
Eukaryota,Metazoa,Chordata,Actinopteri,Aulopiformes,Paralepididae,Stemonosudis,Stemonosudis rothschildi
Eukaryota,Metazoa,Chordata,Actinopteri,Aulopiformes,Paralepididae,Sudis,Sudis atrox
Eukaryota,Metazoa,Chordata,Actinopteri,Aulopiformes,Paralepididae,Uncisudis,Uncisudis advena
Eukaryota,Metazoa,Chordata,Actinopteri,Aulopiformes,Paralepididae,Uncisudis,Uncisudis quadrimaculata
Eukaryota,Metazoa,Chordata,Actinopteri,Aulopiformes,Scopelarchidae,Benthalbella,Benthalbella infans
Eukaryota,Metazoa,Chordata,Actinopteri,Aulopiformes,Scopelarchidae,Scopelarchus,Scopelarchus analis
Eukaryota,Metazoa,Chordata,Actinopteri,Aulopiformes,Scopelarchidae,Scopelarchus,Scopelarchus guentheri
Eukaryota,Metazoa,Chordata,Actinopteri,Aulopiformes,Scopelarchidae,Scopelarchus,Scopelarchus michaelsarsi
Eukaryota,Metazoa,Chordata,Actinopteri,Aulopiformes,Scopelarchidae,Scopelarchus,Scopelarchus stephensi
Eukaryota,Metazoa,Chordata,Actinopteri,Aulopiformes,Synodontidae,Saurida,Saurida flamma
Eukaryota,Metazoa,Chordata,Actinopteri,Aulopiformes,Synodontidae,Saurida,Saurida gracilis
Eukaryota,Metazoa,Chordata,Actinopteri,Aulopiformes,Synodontidae,Saurida,Saurida nebulosa
Eukaryota,Metazoa,Chordata,Actinopteri,Aulopiformes,Synodontidae,Synodus,Synodus binotatus
Eukaryota,Metazoa,Chordata,Actinopteri,Aulopiformes,Synodontidae,Synodus,Synodus capricornis
Eukaryota,Metazoa,Chordata,Actinopteri,Aulopiformes,Synodontidae,Synodus,Synodus dermatogenys
Eukaryota,Metazoa,Chordata,Actinopteri,Aulopiformes,Synodontidae,Synodus,Synodus kaianus
Eukaryota,Metazoa,Chordata,Actinopteri,Aulopiformes,Synodontidae,Synodus,Synodus mundyi
Eukaryota,Metazoa,Chordata,Actinopteri,Aulopiformes,Synodontidae,Synodus,Synodus rubromarmoratus
Eukaryota,Metazoa,Chordata,Actinopteri,Aulopiformes,Synodontidae,Synodus,Synodus ulae
Eukaryota,Metazoa,Chordata,Actinopteri,Aulopiformes,Synodontidae,Synodus,Synodus usitatus
Eukaryota,Metazoa,Chordata,Actinopteri,Aulopiformes,Synodontidae,Synodus,Synodus variegatus
Eukaryota,Metazoa,Chordata,Actinopteri,Aulopiformes,Synodontidae,Trachinocephalus,Trachinocephalus myops
Eukaryota,Metazoa,Chordata,Actinopteri,Beloniformes,Belonidae,Ablennes,Ablennes hians
Eukaryota,Metazoa,Chordata,Actinopteri,Beloniformes,Belonidae,Cololabis,Cololabis saira
Eukaryota,Metazoa,Chordata,Actinopteri,Beloniformes,Belonidae,Tylosurus,Tylosurus acus
Eukaryota,Metazoa,Chordata,Actinopteri,Beloniformes,Belonidae,Tylosurus,Tylosurus crocodilus
Eukaryota,Metazoa,Chordata,Actinopteri,Beloniformes,Exocoetidae,Cheilopogon,Cheilopogon atrisignis
Eukaryota,Metazoa,Chordata,Actinopteri,Beloniformes,Exocoetidae,Cheilopogon,Cheilopogon dorsomacula
Eukaryota,Metazoa,Chordata,Actinopteri,Beloniformes,Exocoetidae,Cheilopogon,Cheilopogon furcatus
Eukaryota,Metazoa,Chordata,Actinopteri,Beloniformes,Exocoetidae,Cheilopogon,Cheilopogon spilonotopterus
Eukaryota,Metazoa,Chordata,Actinopteri,Beloniformes,Exocoetidae,Cheilopogon,Cheilopogon suttoni
Eukaryota,Metazoa,Chordata,Actinopteri,Beloniformes,Exocoetidae,Cheilopogon,Cheilopogon unicolor
Eukaryota,Metazoa,Chordata,Actinopteri,Beloniformes,Exocoetidae,Cypselurus,Cypselurus angusticeps
Eukaryota,Metazoa,Chordata,Actinopteri,Beloniformes,Exocoetidae,Cypselurus,Cypselurus poecilopterus
Eukaryota,Metazoa,Chordata,Actinopteri,Beloniformes,Exocoetidae,Exocoetus,Exocoetus monocirrhus
Eukaryota,Metazoa,Chordata,Actinopteri,Beloniformes,Exocoetidae,Exocoetus,Exocoetus volitans
Eukaryota,Metazoa,Chordata,Actinopteri,Beloniformes,Exocoetidae,Hirundichthys,Hirundichthys albimaculatus
Eukaryota,Metazoa,Chordata,Actinopteri,Beloniformes,Exocoetidae,Hirundichthys,Hirundichthys speculiger
Eukaryota,Metazoa,Chordata,Actinopteri,Beloniformes,Exocoetidae,Parexocoetus,Parexocoetus brachypterus
Eukaryota,Metazoa,Chordata,Actinopteri,Beloniformes,Exocoetidae,Prognichthys,Prognichthys sealei
Eukaryota,Metazoa,Chordata,Actinopteri,Beloniformes,Hemiramphidae,Euleptorhamphus,Euleptorhamphus viridis
Eukaryota,Metazoa,Chordata,Actinopteri,Beloniformes,Hemiramphidae,Hemiramphus,Hemiramphus depauperatus
Eukaryota,Metazoa,Chordata,Actinopteri,Beloniformes,Hemiramphidae,Oxyporhamphus,Oxyporhamphus micropterus
Eukaryota,Metazoa,Chordata,Actinopteri,Beryciformes,Barbourisiidae,Barbourisia,Barbourisia rufa
Eukaryota,Metazoa,Chordata,Actinopteri,Beryciformes,Berycidae,Beryx,Beryx decadactylus
Eukaryota,Metazoa,Chordata,Actinopteri,Beryciformes,Berycidae,Beryx,Beryx splendens
Eukaryota,Metazoa,Chordata,Actinopteri,Beryciformes,Cetomimidae,Cetostoma,Cetostoma regani
Eukaryota,Metazoa,Chordata,Actinopteri,Beryciformes,Cetomimidae,Ditropichthys,Ditropichthys storeri
Eukaryota,Metazoa,Chordata,Actinopteri,Beryciformes,Melamphaidae,Melamphaes,Melamphaes longivelis
Eukaryota,Metazoa,Chordata,Actinopteri,Beryciformes,Melamphaidae,Melamphaes,Melamphaes lugubris
Eukaryota,Metazoa,Chordata,Actinopteri,Beryciformes,Melamphaidae,Melamphaes,Melamphaes polylepis
Eukaryota,Metazoa,Chordata,Actinopteri,Beryciformes,Melamphaidae,Melamphaes,Melamphaes simus
Eukaryota,Metazoa,Chordata,Actinopteri,Beryciformes,Melamphaidae,Poromitra,Poromitra crassiceps
Eukaryota,Metazoa,Chordata,Actinopteri,Beryciformes,Melamphaidae,Poromitra,Poromitra oscitans
Eukaryota,Metazoa,Chordata,Actinopteri,Beryciformes,Melamphaidae,Scopeloberyx,Scopeloberyx opisthopterus
Eukaryota,Metazoa,Chordata,Actinopteri,Beryciformes,Melamphaidae,Scopeloberyx,Scopeloberyx robustus
Eukaryota,Metazoa,Chordata,Actinopteri,Beryciformes,Melamphaidae,Scopelogadus,Scopelogadus mizolepis
Eukaryota,Metazoa,Chordata,Actinopteri,Beryciformes,Rondeletiidae,Rondeletia,Rondeletia loricata
Eukaryota,Metazoa,Chordata,Actinopteri,Beryciformes,Stephanoberycidae,Malacosarcus,Malacosarcus macrostoma
Eukaryota,Metazoa,Chordata,Actinopteri,Blenniiformes,Blenniidae,Blenniella,Blenniella gibbifrons
Eukaryota,Metazoa,Chordata,Actinopteri,Blenniiformes,Blenniidae,Cirripectes,Cirripectes obscurus
Eukaryota,Metazoa,Chordata,Actinopteri,Blenniiformes,Blenniidae,Cirripectes,Cirripectes polyzona
Eukaryota,Metazoa,Chordata,Actinopteri,Blenniiformes,Blenniidae,Cirripectes,Cirripectes quagga
Eukaryota,Metazoa,Chordata,Actinopteri,Blenniiformes,Blenniidae,Cirripectes,Cirripectes vanderbilti
Eukaryota,Metazoa,Chordata,Actinopteri,Blenniiformes,Blenniidae,Cirripectes,Cirripectes variolosus
Eukaryota,Metazoa,Chordata,Actinopteri,Blenniiformes,Blenniidae,Entomacrodus,Entomacrodus strasburgi
Eukaryota,Metazoa,Chordata,Actinopteri,Blenniiformes,Blenniidae,Exallias,Exallias brevis
Eukaryota,Metazoa,Chordata,Actinopteri,Blenniiformes,Blenniidae,Omobranchus,Omobranchus ferox
Eukaryota,Metazoa,Chordata,Actinopteri,Blenniiformes,Blenniidae,Omobranchus,Omobranchus obliquus
Eukaryota,Metazoa,Chordata,Actinopteri,Blenniiformes,Blenniidae,Parablennius,Parablennius thysanius
Eukaryota,Metazoa,Chordata,Actinopteri,Caproiformes,Caproidae,Antigonia,Antigonia capros
Eukaryota,Metazoa,Chordata,Actinopteri,Caproiformes,Caproidae,Antigonia,Antigonia rubescens
Eukaryota,Metazoa,Chordata,Actinopteri,Carangiformes,Carangidae,Alectis,Alectis ciliaris
Eukaryota,Metazoa,Chordata,Actinopteri,Carangiformes,Carangidae,Atule,Atule mate
Eukaryota,Metazoa,Chordata,Actinopteri,Carangiformes,Carangidae,Carangoides,Carangoides equula
Eukaryota,Metazoa,Chordata,Actinopteri,Carangiformes,Carangidae,Caranx,Caranx caballus
Eukaryota,Metazoa,Chordata,Actinopteri,Carangiformes,Carangidae,Caranx,Caranx ignobilis
Eukaryota,Metazoa,Chordata,Actinopteri,Carangiformes,Carangidae,Caranx,Caranx lugubris
Eukaryota,Metazoa,Chordata,Actinopteri,Carangiformes,Carangidae,Caranx,Caranx melampygus
Eukaryota,Metazoa,Chordata,Actinopteri,Carangiformes,Carangidae,Caranx,Caranx sexfasciatus
Eukaryota,Metazoa,Chordata,Actinopteri,Carangiformes,Carangidae,Decapterus,Decapterus macarellus
Eukaryota,Metazoa,Chordata,Actinopteri,Carangiformes,Carangidae,Decapterus,Decapterus macrosoma
Eukaryota,Metazoa,Chordata,Actinopteri,Carangiformes,Carangidae,Decapterus,Decapterus muroadsi
Eukaryota,Metazoa,Chordata,Actinopteri,Carangiformes,Carangidae,Decapterus,Decapterus tabl
Eukaryota,Metazoa,Chordata,Actinopteri,Carangiformes,Carangidae,Elagatis,Elagatis bipinnulata
Eukaryota,Metazoa,Chordata,Actinopteri,Carangiformes,Carangidae,Gnathanodon,Gnathanodon speciosus
Eukaryota,Metazoa,Chordata,Actinopteri,Carangiformes,Carangidae,Naucrates,Naucrates ductor
Eukaryota,Metazoa,Chordata,Actinopteri,Carangiformes,Carangidae,Pseudocaranx,Pseudocaranx dentex
Eukaryota,Metazoa,Chordata,Actinopteri,Carangiformes,Carangidae,Scomberoides,Scomberoides lysan
Eukaryota,Metazoa,Chordata,Actinopteri,Carangiformes,Carangidae,Selar,Selar crumenophthalmus
Eukaryota,Metazoa,Chordata,Actinopteri,Carangiformes,Carangidae,Seriola,Seriola dumerili
Eukaryota,Metazoa,Chordata,Actinopteri,Carangiformes,Carangidae,Seriola,Seriola lalandi
Eukaryota,Metazoa,Chordata,Actinopteri,Carangiformes,Carangidae,Seriola,Seriola rivoliana
Eukaryota,Metazoa,Chordata,Actinopteri,Carangiformes,Carangidae,Uraspis,Uraspis helvola
Eukaryota,Metazoa,Chordata,Actinopteri,Carangiformes,Carangidae,Uraspis,Uraspis secunda
Eukaryota,Metazoa,Chordata,Actinopteri,Carangiformes,Carangidae,Uraspis,Uraspis uraspis
Eukaryota,Metazoa,Chordata,Actinopteri,Carangiformes,Coryphaenidae,Coryphaena,Coryphaena equiselis
Eukaryota,Metazoa,Chordata,Actinopteri,Carangiformes,Coryphaenidae,Coryphaena,Coryphaena hippurus
Eukaryota,Metazoa,Chordata,Actinopteri,Carangiformes,Echeneidae,Echeneis,Echeneis naucrates
Eukaryota,Metazoa,Chordata,Actinopteri,Carangiformes,Echeneidae,Phtheirichthys,Phtheirichthys lineatus
Eukaryota,Metazoa,Chordata,Actinopteri,Carangiformes,Echeneidae,Remora,Remora brachyptera
Eukaryota,Metazoa,Chordata,Actinopteri,Carangiformes,Echeneidae,Remora,Remora osteochir
Eukaryota,Metazoa,Chordata,Actinopteri,Carangiformes,Echeneidae,Remora,Remora remora
Eukaryota,Metazoa,Chordata,Actinopteri,Centrarchiformes,Cirrhitidae,Amblycirrhitus,Amblycirrhitus bimacula
Eukaryota,Metazoa,Chordata,Actinopteri,Centrarchiformes,Cirrhitidae,Cirrhitops,Cirrhitops fasciatus
Eukaryota,Metazoa,Chordata,Actinopteri,Centrarchiformes,Cirrhitidae,Cirrhitus,Cirrhitus pinnulatus
Eukaryota,Metazoa,Chordata,Actinopteri,Centrarchiformes,Cirrhitidae,Oxycirrhites,Oxycirrhites typus
Eukaryota,Metazoa,Chordata,Actinopteri,Centrarchiformes,Cirrhitidae,Paracirrhites,Paracirrhites arcatus
Eukaryota,Metazoa,Chordata,Actinopteri,Centrarchiformes,Cirrhitidae,Paracirrhites,Paracirrhites forsteri
Eukaryota,Metazoa,Chordata,Actinopteri,Centrarchiformes,Girellidae,Girella,Girella leonina
Eukaryota,Metazoa,Chordata,Actinopteri,Centrarchiformes,Kuhliidae,Kuhlia,Kuhlia sandvicensis
Eukaryota,Metazoa,Chordata,Actinopteri,Centrarchiformes,Kuhliidae,Kuhlia,Kuhlia xenura
Eukaryota,Metazoa,Chordata,Actinopteri,Centrarchiformes,Kyphosidae,Kyphosus,Kyphosus cinerascens
Eukaryota,Metazoa,Chordata,Actinopteri,Centrarchiformes,Kyphosidae,Kyphosus,Kyphosus elegans
Eukaryota,Metazoa,Chordata,Actinopteri,Centrarchiformes,Kyphosidae,Kyphosus,Kyphosus hawaiiensis
Eukaryota,Metazoa,Chordata,Actinopteri,Centrarchiformes,Kyphosidae,Kyphosus,Kyphosus ocyurus
Eukaryota,Metazoa,Chordata,Actinopteri,Centrarchiformes,Kyphosidae,Kyphosus,Kyphosus sectatrix
Eukaryota,Metazoa,Chordata,Actinopteri,Centrarchiformes,Kyphosidae,Kyphosus,Kyphosus vaigiensis
Eukaryota,Metazoa,Chordata,Actinopteri,Centrarchiformes,Kyphosidae,Microcanthus,Microcanthus strigatus
Eukaryota,Metazoa,Chordata,Actinopteri,Centrarchiformes,Oplegnathidae,Oplegnathus,Oplegnathus fasciatus
Eukaryota,Metazoa,Chordata,Actinopteri,Centrarchiformes,Oplegnathidae,Oplegnathus,Oplegnathus punctatus
Eukaryota,Metazoa,Chordata,Actinopteri,Centrarchiformes,NA,NA,Cirrhitidae
Eukaryota,Metazoa,Chordata,Actinopteri,Chaetodontiformes,Chaetodontidae,Chaetodon,Chaetodon auriga
Eukaryota,Metazoa,Chordata,Actinopteri,Chaetodontiformes,Chaetodontidae,Chaetodon,Chaetodon citrinellus
Eukaryota,Metazoa,Chordata,Actinopteri,Chaetodontiformes,Chaetodontidae,Chaetodon,Chaetodon ephippium
Eukaryota,Metazoa,Chordata,Actinopteri,Chaetodontiformes,Chaetodontidae,Chaetodon,Chaetodon fremblii
Eukaryota,Metazoa,Chordata,Actinopteri,Chaetodontiformes,Chaetodontidae,Chaetodon,Chaetodon kleinii
Eukaryota,Metazoa,Chordata,Actinopteri,Chaetodontiformes,Chaetodontidae,Chaetodon,Chaetodon lineolatus
Eukaryota,Metazoa,Chordata,Actinopteri,Chaetodontiformes,Chaetodontidae,Chaetodon,Chaetodon lunula
Eukaryota,Metazoa,Chordata,Actinopteri,Chaetodontiformes,Chaetodontidae,Chaetodon,Chaetodon lunulatus
Eukaryota,Metazoa,Chordata,Actinopteri,Chaetodontiformes,Chaetodontidae,Chaetodon,Chaetodon miliaris
Eukaryota,Metazoa,Chordata,Actinopteri,Chaetodontiformes,Chaetodontidae,Chaetodon,Chaetodon multicinctus
Eukaryota,Metazoa,Chordata,Actinopteri,Chaetodontiformes,Chaetodontidae,Chaetodon,Chaetodon ornatissimus
Eukaryota,Metazoa,Chordata,Actinopteri,Chaetodontiformes,Chaetodontidae,Chaetodon,Chaetodon quadrimaculatus
Eukaryota,Metazoa,Chordata,Actinopteri,Chaetodontiformes,Chaetodontidae,Chaetodon,Chaetodon reticulatus
Eukaryota,Metazoa,Chordata,Actinopteri,Chaetodontiformes,Chaetodontidae,Chaetodon,Chaetodon tinkeri
Eukaryota,Metazoa,Chordata,Actinopteri,Chaetodontiformes,Chaetodontidae,Chaetodon,Chaetodon trifascialis
Eukaryota,Metazoa,Chordata,Actinopteri,Chaetodontiformes,Chaetodontidae,Chaetodon,Chaetodon ulietensis
Eukaryota,Metazoa,Chordata,Actinopteri,Chaetodontiformes,Chaetodontidae,Chaetodon,Chaetodon unimaculatus
Eukaryota,Metazoa,Chordata,Actinopteri,Chaetodontiformes,Chaetodontidae,Forcipiger,Forcipiger flavissimus
Eukaryota,Metazoa,Chordata,Actinopteri,Chaetodontiformes,Chaetodontidae,Forcipiger,Forcipiger longirostris
Eukaryota,Metazoa,Chordata,Actinopteri,Chaetodontiformes,Chaetodontidae,Hemitaurichthys,Hemitaurichthys polylepis
Eukaryota,Metazoa,Chordata,Actinopteri,Chaetodontiformes,Chaetodontidae,Hemitaurichthys,Hemitaurichthys thompsoni
Eukaryota,Metazoa,Chordata,Actinopteri,Chaetodontiformes,Chaetodontidae,Heniochus,Heniochus diphreutes
Eukaryota,Metazoa,Chordata,Actinopteri,Chaetodontiformes,Chaetodontidae,Prognathodes,Prognathodes basabei
Eukaryota,Metazoa,Chordata,Actinopteri,Clupeiformes,Clupeidae,Herklotsichthys,Herklotsichthys quadrimaculatus
Eukaryota,Metazoa,Chordata,Actinopteri,Clupeiformes,Clupeidae,Sardinella,Sardinella marquesensis
Eukaryota,Metazoa,Chordata,Actinopteri,Clupeiformes,Clupeidae,Spratelloides,Spratelloides delicatulus
Eukaryota,Metazoa,Chordata,Actinopteri,Clupeiformes,Dussumieriidae,Etrumeus,Etrumeus makiawa
Eukaryota,Metazoa,Chordata,Actinopteri,Clupeiformes,Engraulidae,Encrasicholina,Encrasicholina punctifer
Eukaryota,Metazoa,Chordata,Actinopteri,Clupeiformes,Engraulidae,Encrasicholina,Encrasicholina purpurea
Eukaryota,Metazoa,Chordata,Actinopteri,Elopiformes,Elopidae,Elops,Elops hawaiensis
Eukaryota,Metazoa,Chordata,Actinopteri,Elopiformes,Elopidae,Elops,Elops machnata
Eukaryota,Metazoa,Chordata,Actinopteri,Ephippiformes,Ephippidae,Platax,Platax boersii
Eukaryota,Metazoa,Chordata,Actinopteri,Ephippiformes,Ephippidae,Platax,Platax teira
Eukaryota,Metazoa,Chordata,Actinopteri,Gadiformes,Bregmacerotidae,Bregmaceros,Bregmaceros japonicus
Eukaryota,Metazoa,Chordata,Actinopteri,Gadiformes,Macrouridae,Cetonurus,Cetonurus crassiceps
Eukaryota,Metazoa,Chordata,Actinopteri,Gadiformes,Macrouridae,Coryphaenoides,Coryphaenoides rudis
Eukaryota,Metazoa,Chordata,Actinopteri,Gadiformes,Macrouridae,Coryphaenoides,Coryphaenoides yaquinae
Eukaryota,Metazoa,Chordata,Actinopteri,Gadiformes,Macrouridae,Lepidorhynchus,Lepidorhynchus denticulatus
Eukaryota,Metazoa,Chordata,Actinopteri,Gadiformes,Macrouridae,Mataeocephalus,Mataeocephalus acipenserinus
Eukaryota,Metazoa,Chordata,Actinopteri,Gadiformes,Macrouridae,Nezumia,Nezumia propinqua
Eukaryota,Metazoa,Chordata,Actinopteri,Gadiformes,Macrouridae,Trachonurus,Trachonurus sentipellis
Eukaryota,Metazoa,Chordata,Actinopteri,Gadiformes,Melanonidae,Melanonus,Melanonus zugmayeri
Eukaryota,Metazoa,Chordata,Actinopteri,Gadiformes,Moridae,Antimora,Antimora microlepis
Eukaryota,Metazoa,Chordata,Actinopteri,Gadiformes,Moridae,Laemonema,Laemonema rhodochir
Eukaryota,Metazoa,Chordata,Actinopteri,Gadiformes,Moridae,Laemonema,Laemonema robustum
Eukaryota,Metazoa,Chordata,Actinopteri,Gadiformes,Moridae,Lepidion,Lepidion inosimae
Eukaryota,Metazoa,Chordata,Actinopteri,Gadiformes,Moridae,Physiculus,Physiculus rhodopinnis
Eukaryota,Metazoa,Chordata,Actinopteri,Gobiiformes,Gobiidae,Asterropteryx,Asterropteryx semipunctata
Eukaryota,Metazoa,Chordata,Actinopteri,Gobiiformes,Gobiidae,Bathygobius,Bathygobius coalitus
Eukaryota,Metazoa,Chordata,Actinopteri,Gobiiformes,Gobiidae,Bathygobius,Bathygobius cocosensis
Eukaryota,Metazoa,Chordata,Actinopteri,Gobiiformes,Gobiidae,Bathygobius,Bathygobius cotticeps
Eukaryota,Metazoa,Chordata,Actinopteri,Gobiiformes,Gobiidae,Bryaninops,Bryaninops tigris
Eukaryota,Metazoa,Chordata,Actinopteri,Gobiiformes,Gobiidae,Bryaninops,Bryaninops yongei
Eukaryota,Metazoa,Chordata,Actinopteri,Gobiiformes,Gobiidae,Discordipinna,Discordipinna griessingeri
Eukaryota,Metazoa,Chordata,Actinopteri,Gobiiformes,Gobiidae,Eviota,Eviota epiphanes
Eukaryota,Metazoa,Chordata,Actinopteri,Gobiiformes,Gobiidae,Eviota,Eviota susanae
Eukaryota,Metazoa,Chordata,Actinopteri,Gobiiformes,Gobiidae,Fusigobius,Fusigobius duospilus
Eukaryota,Metazoa,Chordata,Actinopteri,Gobiiformes,Gobiidae,Gnatholepis,Gnatholepis anjerensis
Eukaryota,Metazoa,Chordata,Actinopteri,Gobiiformes,Gobiidae,Gnatholepis,Gnatholepis cauerensis
Eukaryota,Metazoa,Chordata,Actinopteri,Gobiiformes,Gobiidae,Gunnellichthys,Gunnellichthys curiosus
Eukaryota,Metazoa,Chordata,Actinopteri,Gobiiformes,Gobiidae,Mugilogobius,Mugilogobius cavifrons
Eukaryota,Metazoa,Chordata,Actinopteri,Gobiiformes,Gobiidae,Nemateleotris,Nemateleotris magnifica
Eukaryota,Metazoa,Chordata,Actinopteri,Gobiiformes,Gobiidae,Oxyurichthys,Oxyurichthys lonchotus
Eukaryota,Metazoa,Chordata,Actinopteri,Gobiiformes,Gobiidae,Pleurosicya,Pleurosicya micheli
Eukaryota,Metazoa,Chordata,Actinopteri,Gobiiformes,Gobiidae,Priolepis,Priolepis eugenius
Eukaryota,Metazoa,Chordata,Actinopteri,Gobiiformes,Gobiidae,Priolepis,Priolepis farcimen
Eukaryota,Metazoa,Chordata,Actinopteri,Gobiiformes,Gobiidae,Priolepis,Priolepis semidoliata
Eukaryota,Metazoa,Chordata,Actinopteri,Gobiiformes,Gobiidae,Psilogobius,Psilogobius mainlandi
Eukaryota,Metazoa,Chordata,Actinopteri,Gobiiformes,Gobiidae,Ptereleotris,Ptereleotris heteroptera
Eukaryota,Metazoa,Chordata,Actinopteri,Gobiiformes,Gobiidae,Trimma,Trimma milta
Eukaryota,Metazoa,Chordata,Actinopteri,Gobiiformes,Gobiidae,Trimma,Trimma taylori
Eukaryota,Metazoa,Chordata,Actinopteri,Gobiiformes,Gobiidae,Trimma,Trimma unisquame
Eukaryota,Metazoa,Chordata,Actinopteri,Gobiiformes,Gobiidae,NA,Eviota
Eukaryota,Metazoa,Chordata,Actinopteri,Gobiiformes,Kraemeriidae,Kraemeria,Kraemeria bryani
Eukaryota,Metazoa,Chordata,Actinopteri,Gobiiformes,Schindleriidae,Schindleria,Schindleria pietschmanni
Eukaryota,Metazoa,Chordata,Actinopteri,Gobiiformes,Schindleriidae,Schindleria,Schindleria praematura
Eukaryota,Metazoa,Chordata,Actinopteri,Gobiiformes,NA,NA,Gobiidae
Eukaryota,Metazoa,Chordata,Actinopteri,Gonorynchiformes,Chanidae,Chanos,Chanos chanos
Eukaryota,Metazoa,Chordata,Actinopteri,Holocentriformes,Holocentridae,Myripristis,Myripristis adusta
Eukaryota,Metazoa,Chordata,Actinopteri,Holocentriformes,Holocentridae,Myripristis,Myripristis amaena
Eukaryota,Metazoa,Chordata,Actinopteri,Holocentriformes,Holocentridae,Myripristis,Myripristis berndti
Eukaryota,Metazoa,Chordata,Actinopteri,Holocentriformes,Holocentridae,Myripristis,Myripristis chryseres
Eukaryota,Metazoa,Chordata,Actinopteri,Holocentriformes,Holocentridae,Myripristis,Myripristis greenfieldi
Eukaryota,Metazoa,Chordata,Actinopteri,Holocentriformes,Holocentridae,Myripristis,Myripristis kuntee
Eukaryota,Metazoa,Chordata,Actinopteri,Holocentriformes,Holocentridae,Myripristis,Myripristis murdjan
Eukaryota,Metazoa,Chordata,Actinopteri,Holocentriformes,Holocentridae,Myripristis,Myripristis vittata
Eukaryota,Metazoa,Chordata,Actinopteri,Holocentriformes,Holocentridae,Neoniphon,Neoniphon aurolineatus
Eukaryota,Metazoa,Chordata,Actinopteri,Holocentriformes,Holocentridae,Neoniphon,Neoniphon sammara
Eukaryota,Metazoa,Chordata,Actinopteri,Holocentriformes,Holocentridae,Plectrypops,Plectrypops lima
Eukaryota,Metazoa,Chordata,Actinopteri,Holocentriformes,Holocentridae,Sargocentron,Sargocentron diadema
Eukaryota,Metazoa,Chordata,Actinopteri,Holocentriformes,Holocentridae,Sargocentron,Sargocentron ensifer
Eukaryota,Metazoa,Chordata,Actinopteri,Holocentriformes,Holocentridae,Sargocentron,Sargocentron microstoma
Eukaryota,Metazoa,Chordata,Actinopteri,Holocentriformes,Holocentridae,Sargocentron,Sargocentron punctatissimum
Eukaryota,Metazoa,Chordata,Actinopteri,Holocentriformes,Holocentridae,Sargocentron,Sargocentron spiniferum
Eukaryota,Metazoa,Chordata,Actinopteri,Holocentriformes,Holocentridae,Sargocentron,Sargocentron tiere
Eukaryota,Metazoa,Chordata,Actinopteri,Holocentriformes,Holocentridae,Sargocentron,Sargocentron xantherythrum
Eukaryota,Metazoa,Chordata,Actinopteri,Istiophoriformes,Istiophoridae,Istiompax,Istiompax indica
Eukaryota,Metazoa,Chordata,Actinopteri,Istiophoriformes,Istiophoridae,Istiophorus,Istiophorus platypterus
Eukaryota,Metazoa,Chordata,Actinopteri,Istiophoriformes,Istiophoridae,Kajikia,Kajikia audax
Eukaryota,Metazoa,Chordata,Actinopteri,Istiophoriformes,Istiophoridae,Makaira,Makaira nigricans
Eukaryota,Metazoa,Chordata,Actinopteri,Istiophoriformes,Istiophoridae,Tetrapturus,Tetrapturus angustirostris
Eukaryota,Metazoa,Chordata,Actinopteri,Istiophoriformes,Xiphiidae,Xiphias,Xiphias gladius
Eukaryota,Metazoa,Chordata,Actinopteri,Kurtiformes,Apogonidae,Apogon,Apogon deetsie
Eukaryota,Metazoa,Chordata,Actinopteri,Kurtiformes,Apogonidae,Apogon,Apogon erythrinus
Eukaryota,Metazoa,Chordata,Actinopteri,Kurtiformes,Apogonidae,Apogonichthys,Apogonichthys perdix
Eukaryota,Metazoa,Chordata,Actinopteri,Kurtiformes,Apogonidae,Foa,Foa brachygramma
Eukaryota,Metazoa,Chordata,Actinopteri,Kurtiformes,Apogonidae,Lachneratus,Lachneratus phasmaticus
Eukaryota,Metazoa,Chordata,Actinopteri,Kurtiformes,Apogonidae,Pristiapogon,Pristiapogon kallopterus
Eukaryota,Metazoa,Chordata,Actinopteri,Kurtiformes,Apogonidae,Pristiapogon,Pristiapogon taeniopterus
Eukaryota,Metazoa,Chordata,Actinopteri,Kurtiformes,Apogonidae,Zapogon,Zapogon evermanni
Eukaryota,Metazoa,Chordata,Actinopteri,Labriformes,Labridae,Ammolabrus,Ammolabrus dicrus
Eukaryota,Metazoa,Chordata,Actinopteri,Labriformes,Labridae,Anampses,Anampses chrysocephalus
Eukaryota,Metazoa,Chordata,Actinopteri,Labriformes,Labridae,Anampses,Anampses cuvier
Eukaryota,Metazoa,Chordata,Actinopteri,Labriformes,Labridae,Bodianus,Bodianus albotaeniatus
Eukaryota,Metazoa,Chordata,Actinopteri,Labriformes,Labridae,Bodianus,Bodianus sanguineus
Eukaryota,Metazoa,Chordata,Actinopteri,Labriformes,Labridae,Calotomus,Calotomus carolinus
Eukaryota,Metazoa,Chordata,Actinopteri,Labriformes,Labridae,Calotomus,Calotomus zonarchus
Eukaryota,Metazoa,Chordata,Actinopteri,Labriformes,Labridae,Cheilio,Cheilio inermis
Eukaryota,Metazoa,Chordata,Actinopteri,Labriformes,Labridae,Chlorurus,Chlorurus perspicillatus
Eukaryota,Metazoa,Chordata,Actinopteri,Labriformes,Labridae,Chlorurus,Chlorurus spilurus
Eukaryota,Metazoa,Chordata,Actinopteri,Labriformes,Labridae,Cirrhilabrus,Cirrhilabrus jordani
Eukaryota,Metazoa,Chordata,Actinopteri,Labriformes,Labridae,Coris,Coris flavovittata
Eukaryota,Metazoa,Chordata,Actinopteri,Labriformes,Labridae,Coris,Coris gaimard
Eukaryota,Metazoa,Chordata,Actinopteri,Labriformes,Labridae,Coris,Coris venusta
Eukaryota,Metazoa,Chordata,Actinopteri,Labriformes,Labridae,Cymolutes,Cymolutes praetextatus
Eukaryota,Metazoa,Chordata,Actinopteri,Labriformes,Labridae,Epibulus,Epibulus insidiator
Eukaryota,Metazoa,Chordata,Actinopteri,Labriformes,Labridae,Gomphosus,Gomphosus varius
Eukaryota,Metazoa,Chordata,Actinopteri,Labriformes,Labridae,Halichoeres,Halichoeres marginatus
Eukaryota,Metazoa,Chordata,Actinopteri,Labriformes,Labridae,Halichoeres,Halichoeres ornatissimus
Eukaryota,Metazoa,Chordata,Actinopteri,Labriformes,Labridae,Iniistius,Iniistius aneitensis
Eukaryota,Metazoa,Chordata,Actinopteri,Labriformes,Labridae,Iniistius,Iniistius celebicus
Eukaryota,Metazoa,Chordata,Actinopteri,Labriformes,Labridae,Iniistius,Iniistius pavo
Eukaryota,Metazoa,Chordata,Actinopteri,Labriformes,Labridae,Iniistius,Iniistius umbrilatus
Eukaryota,Metazoa,Chordata,Actinopteri,Labriformes,Labridae,Labroides,Labroides phthirophagus
Eukaryota,Metazoa,Chordata,Actinopteri,Labriformes,Labridae,Macropharyngodon,Macropharyngodon geoffroy
Eukaryota,Metazoa,Chordata,Actinopteri,Labriformes,Labridae,Novaculichthys,Novaculichthys taeniourus
Eukaryota,Metazoa,Chordata,Actinopteri,Labriformes,Labridae,Novaculops,Novaculops woodi
Eukaryota,Metazoa,Chordata,Actinopteri,Labriformes,Labridae,Oxycheilinus,Oxycheilinus bimaculatus
Eukaryota,Metazoa,Chordata,Actinopteri,Labriformes,Labridae,Oxycheilinus,Oxycheilinus unifasciatus
Eukaryota,Metazoa,Chordata,Actinopteri,Labriformes,Labridae,Polylepion,Polylepion russelli
Eukaryota,Metazoa,Chordata,Actinopteri,Labriformes,Labridae,Pseudocheilinus,Pseudocheilinus evanidus
Eukaryota,Metazoa,Chordata,Actinopteri,Labriformes,Labridae,Pseudocheilinus,Pseudocheilinus ocellatus
Eukaryota,Metazoa,Chordata,Actinopteri,Labriformes,Labridae,Pseudocheilinus,Pseudocheilinus octotaenia
Eukaryota,Metazoa,Chordata,Actinopteri,Labriformes,Labridae,Pseudocheilinus,Pseudocheilinus tetrataenia
Eukaryota,Metazoa,Chordata,Actinopteri,Labriformes,Labridae,Pseudojuloides,Pseudojuloides cerasinus
Eukaryota,Metazoa,Chordata,Actinopteri,Labriformes,Labridae,Scarus,Scarus dubius
Eukaryota,Metazoa,Chordata,Actinopteri,Labriformes,Labridae,Scarus,Scarus psittacus
Eukaryota,Metazoa,Chordata,Actinopteri,Labriformes,Labridae,Scarus,Scarus rubroviolaceus
Eukaryota,Metazoa,Chordata,Actinopteri,Labriformes,Labridae,Stethojulis,Stethojulis balteata
Eukaryota,Metazoa,Chordata,Actinopteri,Labriformes,Labridae,Suezichthys,Suezichthys notatus
Eukaryota,Metazoa,Chordata,Actinopteri,Labriformes,Labridae,Thalassoma,Thalassoma ballieui
Eukaryota,Metazoa,Chordata,Actinopteri,Labriformes,Labridae,Thalassoma,Thalassoma duperrey
Eukaryota,Metazoa,Chordata,Actinopteri,Labriformes,Labridae,Thalassoma,Thalassoma lutescens
Eukaryota,Metazoa,Chordata,Actinopteri,Labriformes,Labridae,Thalassoma,Thalassoma purpureum
Eukaryota,Metazoa,Chordata,Actinopteri,Labriformes,Labridae,Thalassoma,Thalassoma quinquevittatum
Eukaryota,Metazoa,Chordata,Actinopteri,Labriformes,Labridae,Thalassoma,Thalassoma trilobatum
Eukaryota,Metazoa,Chordata,Actinopteri,Labriformes,Labridae,Wetmorella,Wetmorella albofasciata
Eukaryota,Metazoa,Chordata,Actinopteri,Labriformes,NA,NA,Labridae
Eukaryota,Metazoa,Chordata,Actinopteri,Lampriformes,Lampridae,Lampris,Lampris guttatus
Eukaryota,Metazoa,Chordata,Actinopteri,Lampriformes,Lophotidae,Lophotus,Lophotus capellei
Eukaryota,Metazoa,Chordata,Actinopteri,Lampriformes,Trachipteridae,Desmodema,Desmodema polystictum
Eukaryota,Metazoa,Chordata,Actinopteri,Lampriformes,Trachipteridae,Zu,Zu cristatus
Eukaryota,Metazoa,Chordata,Actinopteri,Lampriformes,Veliferidae,Metavelifer,Metavelifer multiradiatus
Eukaryota,Metazoa,Chordata,Actinopteri,Lobotiformes,Lobotidae,Lobotes,Lobotes surinamensis
Eukaryota,Metazoa,Chordata,Actinopteri,Lophiiformes,Antennariidae,Antennarius,Antennarius commerson
Eukaryota,Metazoa,Chordata,Actinopteri,Lophiiformes,Antennariidae,Antennarius,Antennarius maculatus
Eukaryota,Metazoa,Chordata,Actinopteri,Lophiiformes,Antennariidae,Antennarius,Antennarius pictus
Eukaryota,Metazoa,Chordata,Actinopteri,Lophiiformes,Antennariidae,Antennarius,Antennarius striatus
Eukaryota,Metazoa,Chordata,Actinopteri,Lophiiformes,Antennariidae,Antennatus,Antennatus tuberosus
Eukaryota,Metazoa,Chordata,Actinopteri,Lophiiformes,Antennariidae,Histrio,Histrio histrio
Eukaryota,Metazoa,Chordata,Actinopteri,Lophiiformes,Caulophrynidae,Caulophryne,Caulophryne polynema
Eukaryota,Metazoa,Chordata,Actinopteri,Lophiiformes,Ceratiidae,Ceratias,Ceratias holboelli
Eukaryota,Metazoa,Chordata,Actinopteri,Lophiiformes,Ceratiidae,Ceratias,Ceratias uranoscopus
Eukaryota,Metazoa,Chordata,Actinopteri,Lophiiformes,Ceratiidae,Cryptopsaras,Cryptopsaras couesii
Eukaryota,Metazoa,Chordata,Actinopteri,Lophiiformes,Chaunacidae,Chaunax,Chaunax umbrinus
Eukaryota,Metazoa,Chordata,Actinopteri,Lophiiformes,Diceratiidae,Diceratias,Diceratias pileatus
Eukaryota,Metazoa,Chordata,Actinopteri,Lophiiformes,Gigantactinidae,Gigantactis,Gigantactis microdontis
Eukaryota,Metazoa,Chordata,Actinopteri,Lophiiformes,Gigantactinidae,Gigantactis,Gigantactis vanhoeffeni
Eukaryota,Metazoa,Chordata,Actinopteri,Lophiiformes,Gigantactinidae,Rhynchactis,Rhynchactis leptonema
Eukaryota,Metazoa,Chordata,Actinopteri,Lophiiformes,Himantolophidae,Himantolophus,Himantolophus sagamius
Eukaryota,Metazoa,Chordata,Actinopteri,Lophiiformes,Linophrynidae,Haplophryne,Haplophryne mollis
Eukaryota,Metazoa,Chordata,Actinopteri,Lophiiformes,Linophrynidae,Linophryne,Linophryne densiramus
Eukaryota,Metazoa,Chordata,Actinopteri,Lophiiformes,Linophrynidae,Photocorynus,Photocorynus spiniceps
Eukaryota,Metazoa,Chordata,Actinopteri,Lophiiformes,Lophiidae,Lophiodes,Lophiodes miacanthus
Eukaryota,Metazoa,Chordata,Actinopteri,Lophiiformes,Melanocetidae,Melanocetus,Melanocetus johnsonii
Eukaryota,Metazoa,Chordata,Actinopteri,Lophiiformes,Melanocetidae,Melanocetus,Melanocetus murrayi
Eukaryota,Metazoa,Chordata,Actinopteri,Lophiiformes,Neoceratiidae,Neoceratias,Neoceratias spinifer
Eukaryota,Metazoa,Chordata,Actinopteri,Lophiiformes,Ogcocephalidae,Malthopsis,Malthopsis jordani
Eukaryota,Metazoa,Chordata,Actinopteri,Lophiiformes,Ogcocephalidae,Solocisquama,Solocisquama stellulata
Eukaryota,Metazoa,Chordata,Actinopteri,Lophiiformes,Oneirodidae,Chaenophryne,Chaenophryne draco
Eukaryota,Metazoa,Chordata,Actinopteri,Lophiiformes,Oneirodidae,Chaenophryne,Chaenophryne longiceps
Eukaryota,Metazoa,Chordata,Actinopteri,Lophiiformes,Oneirodidae,Dolopichthys,Dolopichthys longicornis
Eukaryota,Metazoa,Chordata,Actinopteri,Lophiiformes,Oneirodidae,Dolopichthys,Dolopichthys pullatus
Eukaryota,Metazoa,Chordata,Actinopteri,Lophiiformes,Oneirodidae,Leptacanthichthys,Leptacanthichthys gracilispinis
Eukaryota,Metazoa,Chordata,Actinopteri,Lophiiformes,Oneirodidae,Lophodolos,Lophodolos indicus
Eukaryota,Metazoa,Chordata,Actinopteri,Lophiiformes,Oneirodidae,Microlophichthys,Microlophichthys microlophus
Eukaryota,Metazoa,Chordata,Actinopteri,Lutjaniformes,Lutjanidae,Aphareus,Aphareus furca
Eukaryota,Metazoa,Chordata,Actinopteri,Lutjaniformes,Lutjanidae,Aphareus,Aphareus rutilans
Eukaryota,Metazoa,Chordata,Actinopteri,Lutjaniformes,Lutjanidae,Aprion,Aprion virescens
Eukaryota,Metazoa,Chordata,Actinopteri,Lutjaniformes,Lutjanidae,Etelis,Etelis carbunculus
Eukaryota,Metazoa,Chordata,Actinopteri,Lutjaniformes,Lutjanidae,Etelis,Etelis coruscans
Eukaryota,Metazoa,Chordata,Actinopteri,Lutjaniformes,Lutjanidae,Lutjanus,Lutjanus fulvus
Eukaryota,Metazoa,Chordata,Actinopteri,Lutjaniformes,Lutjanidae,Lutjanus,Lutjanus gibbus
Eukaryota,Metazoa,Chordata,Actinopteri,Lutjaniformes,Lutjanidae,Lutjanus,Lutjanus kasmira
Eukaryota,Metazoa,Chordata,Actinopteri,Lutjaniformes,Lutjanidae,Lutjanus,Lutjanus sebae
Eukaryota,Metazoa,Chordata,Actinopteri,Lutjaniformes,Lutjanidae,Pristipomoides,Pristipomoides auricilla
Eukaryota,Metazoa,Chordata,Actinopteri,Lutjaniformes,Lutjanidae,Pristipomoides,Pristipomoides filamentosus
Eukaryota,Metazoa,Chordata,Actinopteri,Lutjaniformes,Lutjanidae,Pristipomoides,Pristipomoides sieboldii
Eukaryota,Metazoa,Chordata,Actinopteri,Lutjaniformes,Lutjanidae,Pristipomoides,Pristipomoides zonatus
Eukaryota,Metazoa,Chordata,Actinopteri,Lutjaniformes,Lutjanidae,Randallichthys,Randallichthys filamentosus
Eukaryota,Metazoa,Chordata,Actinopteri,Mugiliformes,Mugilidae,Mugil,Mugil cephalus
Eukaryota,Metazoa,Chordata,Actinopteri,Mugiliformes,Mugilidae,Neomyxus,Neomyxus leuciscus
Eukaryota,Metazoa,Chordata,Actinopteri,Myctophiformes,Myctophidae,Benthosema,Benthosema fibulatum
Eukaryota,Metazoa,Chordata,Actinopteri,Myctophiformes,Myctophidae,Benthosema,Benthosema suborbitale
Eukaryota,Metazoa,Chordata,Actinopteri,Myctophiformes,Myctophidae,Bolinichthys,Bolinichthys distofax
Eukaryota,Metazoa,Chordata,Actinopteri,Myctophiformes,Myctophidae,Bolinichthys,Bolinichthys longipes
Eukaryota,Metazoa,Chordata,Actinopteri,Myctophiformes,Myctophidae,Bolinichthys,Bolinichthys photothorax
Eukaryota,Metazoa,Chordata,Actinopteri,Myctophiformes,Myctophidae,Bolinichthys,Bolinichthys supralateralis
Eukaryota,Metazoa,Chordata,Actinopteri,Myctophiformes,Myctophidae,Centrobranchus,Centrobranchus andreae
Eukaryota,Metazoa,Chordata,Actinopteri,Myctophiformes,Myctophidae,Centrobranchus,Centrobranchus nigroocellatus
Eukaryota,Metazoa,Chordata,Actinopteri,Myctophiformes,Myctophidae,Ceratoscopelus,Ceratoscopelus townsendi
Eukaryota,Metazoa,Chordata,Actinopteri,Myctophiformes,Myctophidae,Ceratoscopelus,Ceratoscopelus warmingii
Eukaryota,Metazoa,Chordata,Actinopteri,Myctophiformes,Myctophidae,Diaphus,Diaphus adenomus
Eukaryota,Metazoa,Chordata,Actinopteri,Myctophiformes,Myctophidae,Diaphus,Diaphus anderseni
Eukaryota,Metazoa,Chordata,Actinopteri,Myctophiformes,Myctophidae,Diaphus,Diaphus bertelseni
Eukaryota,Metazoa,Chordata,Actinopteri,Myctophiformes,Myctophidae,Diaphus,Diaphus brachycephalus
Eukaryota,Metazoa,Chordata,Actinopteri,Myctophiformes,Myctophidae,Diaphus,Diaphus chrysorhynchus
Eukaryota,Metazoa,Chordata,Actinopteri,Myctophiformes,Myctophidae,Diaphus,Diaphus fragilis
Eukaryota,Metazoa,Chordata,Actinopteri,Myctophiformes,Myctophidae,Diaphus,Diaphus fulgens
Eukaryota,Metazoa,Chordata,Actinopteri,Myctophiformes,Myctophidae,Diaphus,Diaphus garmani
Eukaryota,Metazoa,Chordata,Actinopteri,Myctophiformes,Myctophidae,Diaphus,Diaphus kuroshio
Eukaryota,Metazoa,Chordata,Actinopteri,Myctophiformes,Myctophidae,Diaphus,Diaphus metopoclampus
Eukaryota,Metazoa,Chordata,Actinopteri,Myctophiformes,Myctophidae,Diaphus,Diaphus mollis
Eukaryota,Metazoa,Chordata,Actinopteri,Myctophiformes,Myctophidae,Diaphus,Diaphus perspicillatus
Eukaryota,Metazoa,Chordata,Actinopteri,Myctophiformes,Myctophidae,Diaphus,Diaphus phillipsi
Eukaryota,Metazoa,Chordata,Actinopteri,Myctophiformes,Myctophidae,Diaphus,Diaphus schmidti
Eukaryota,Metazoa,Chordata,Actinopteri,Myctophiformes,Myctophidae,Diaphus,Diaphus theta
Eukaryota,Metazoa,Chordata,Actinopteri,Myctophiformes,Myctophidae,Diogenichthys,Diogenichthys atlanticus
Eukaryota,Metazoa,Chordata,Actinopteri,Myctophiformes,Myctophidae,Diogenichthys,Diogenichthys laternatus
Eukaryota,Metazoa,Chordata,Actinopteri,Myctophiformes,Myctophidae,Electrona,Electrona risso
Eukaryota,Metazoa,Chordata,Actinopteri,Myctophiformes,Myctophidae,Hygophum,Hygophum proximum
Eukaryota,Metazoa,Chordata,Actinopteri,Myctophiformes,Myctophidae,Hygophum,Hygophum reinhardtii
Eukaryota,Metazoa,Chordata,Actinopteri,Myctophiformes,Myctophidae,Idiolychnus,Idiolychnus urolampus
Eukaryota,Metazoa,Chordata,Actinopteri,Myctophiformes,Myctophidae,Lampadena,Lampadena anomala
Eukaryota,Metazoa,Chordata,Actinopteri,Myctophiformes,Myctophidae,Lampadena,Lampadena luminosa
Eukaryota,Metazoa,Chordata,Actinopteri,Myctophiformes,Myctophidae,Lampadena,Lampadena urophaos
Eukaryota,Metazoa,Chordata,Actinopteri,Myctophiformes,Myctophidae,Lampanyctus,Lampanyctus jordani
Eukaryota,Metazoa,Chordata,Actinopteri,Myctophiformes,Myctophidae,Lampanyctus,Lampanyctus nobilis
Eukaryota,Metazoa,Chordata,Actinopteri,Myctophiformes,Myctophidae,Lampanyctus,Lampanyctus tenuiformis
Eukaryota,Metazoa,Chordata,Actinopteri,Myctophiformes,Myctophidae,Lobianchia,Lobianchia gemellarii
Eukaryota,Metazoa,Chordata,Actinopteri,Myctophiformes,Myctophidae,Loweina,Loweina rara
Eukaryota,Metazoa,Chordata,Actinopteri,Myctophiformes,Myctophidae,Loweina,Loweina terminata
Eukaryota,Metazoa,Chordata,Actinopteri,Myctophiformes,Myctophidae,Myctophum,Myctophum aurolaternatum
Eukaryota,Metazoa,Chordata,Actinopteri,Myctophiformes,Myctophidae,Myctophum,Myctophum brachygnathum
Eukaryota,Metazoa,Chordata,Actinopteri,Myctophiformes,Myctophidae,Myctophum,Myctophum lychnobium
Eukaryota,Metazoa,Chordata,Actinopteri,Myctophiformes,Myctophidae,Myctophum,Myctophum nitidulum
Eukaryota,Metazoa,Chordata,Actinopteri,Myctophiformes,Myctophidae,Notolychnus,Notolychnus valdiviae
Eukaryota,Metazoa,Chordata,Actinopteri,Myctophiformes,Myctophidae,Notoscopelus,Notoscopelus caudispinosus
Eukaryota,Metazoa,Chordata,Actinopteri,Myctophiformes,Myctophidae,Notoscopelus,Notoscopelus resplendens
Eukaryota,Metazoa,Chordata,Actinopteri,Myctophiformes,Myctophidae,Symbolophorus,Symbolophorus californiensis
Eukaryota,Metazoa,Chordata,Actinopteri,Myctophiformes,Myctophidae,Symbolophorus,Symbolophorus evermanni
Eukaryota,Metazoa,Chordata,Actinopteri,Myctophiformes,Myctophidae,Taaningichthys,Taaningichthys bathyphilus
Eukaryota,Metazoa,Chordata,Actinopteri,Myctophiformes,Myctophidae,Taaningichthys,Taaningichthys minimus
Eukaryota,Metazoa,Chordata,Actinopteri,Myctophiformes,Myctophidae,Taaningichthys,Taaningichthys paurolychnus
Eukaryota,Metazoa,Chordata,Actinopteri,Myctophiformes,Myctophidae,Triphoturus,Triphoturus nigrescens
Eukaryota,Metazoa,Chordata,Actinopteri,Myctophiformes,Neoscopelidae,Neoscopelus,Neoscopelus macrolepidotus
Eukaryota,Metazoa,Chordata,Actinopteri,Notacanthiformes,Halosauridae,Aldrovandia,Aldrovandia affinis
Eukaryota,Metazoa,Chordata,Actinopteri,Notacanthiformes,Halosauridae,Aldrovandia,Aldrovandia phalacra
Eukaryota,Metazoa,Chordata,Actinopteri,Notacanthiformes,Notacanthidae,Notacanthus,Notacanthus abbotti
Eukaryota,Metazoa,Chordata,Actinopteri,Notacanthiformes,Notacanthidae,Notacanthus,Notacanthus chemnitzii
Eukaryota,Metazoa,Chordata,Actinopteri,Ophidiiformes,Carapidae,Carapus,Carapus dubius
Eukaryota,Metazoa,Chordata,Actinopteri,Ophidiiformes,Carapidae,Carapus,Carapus mourlani
Eukaryota,Metazoa,Chordata,Actinopteri,Ophidiiformes,Carapidae,Encheliophis,Encheliophis gracilis
Eukaryota,Metazoa,Chordata,Actinopteri,Ophidiiformes,Carapidae,Onuxodon,Onuxodon fowleri
Eukaryota,Metazoa,Chordata,Actinopteri,Ophidiiformes,Carapidae,Onuxodon,Onuxodon parvibrachium
Eukaryota,Metazoa,Chordata,Actinopteri,Ophidiiformes,Carapidae,Pyramodon,Pyramodon ventralis
Eukaryota,Metazoa,Chordata,Actinopteri,Ophidiiformes,Carapidae,Snyderidia,Snyderidia canina
Eukaryota,Metazoa,Chordata,Actinopteri,Ophidiiformes,Ophidiidae,Bassozetus,Bassozetus zenkevitchi
Eukaryota,Metazoa,Chordata,Actinopteri,Ophidiiformes,Ophidiidae,Brotula,Brotula multibarbata
Eukaryota,Metazoa,Chordata,Actinopteri,Ophidiiformes,Ophidiidae,Brotula,Brotula townsendi
Eukaryota,Metazoa,Chordata,Actinopteri,Ophidiiformes,Ophidiidae,Lamprogrammus,Lamprogrammus brunswigi
Eukaryota,Metazoa,Chordata,Actinopteri,Ophidiiformes,Ophidiidae,Luciobrotula,Luciobrotula bartschi
Eukaryota,Metazoa,Chordata,Actinopteri,Ophidiiformes,Ophidiidae,Ophidion,Ophidion muraenolepis
Eukaryota,Metazoa,Chordata,Actinopteri,Ophidiiformes,Ophidiidae,Spectrunculus,Spectrunculus grandis
Eukaryota,Metazoa,Chordata,Actinopteri,Ophidiiformes,Ophidiidae,Xyelacyba,Xyelacyba myersi
Eukaryota,Metazoa,Chordata,Actinopteri,Pempheriformes,Percophidae,Chrionema,Chrionema chryseres
Eukaryota,Metazoa,Chordata,Actinopteri,Perciformes,Bembridae,Bembradium,Bembradium roseum
Eukaryota,Metazoa,Chordata,Actinopteri,Perciformes,Hoplichthyidae,Hoplichthys,Hoplichthys citrinus
Eukaryota,Metazoa,Chordata,Actinopteri,Perciformes,Peristediidae,Scalicus,Scalicus engyceros
Eukaryota,Metazoa,Chordata,Actinopteri,Perciformes,Plectrogeniidae,Plectrogenium,Plectrogenium nanum
Eukaryota,Metazoa,Chordata,Actinopteri,Perciformes,Scorpaenidae,Dendrochirus,Dendrochirus barberi
Eukaryota,Metazoa,Chordata,Actinopteri,Perciformes,Scorpaenidae,Iracundus,Iracundus signifer
Eukaryota,Metazoa,Chordata,Actinopteri,Perciformes,Scorpaenidae,Phenacoscorpius,Phenacoscorpius megalops
Eukaryota,Metazoa,Chordata,Actinopteri,Perciformes,Scorpaenidae,Pontinus,Pontinus macrocephalus
Eukaryota,Metazoa,Chordata,Actinopteri,Perciformes,Scorpaenidae,Scorpaena,Scorpaena colorata
Eukaryota,Metazoa,Chordata,Actinopteri,Perciformes,Scorpaenidae,Scorpaenodes,Scorpaenodes corallinus
Eukaryota,Metazoa,Chordata,Actinopteri,Perciformes,Scorpaenidae,Scorpaenodes,Scorpaenodes evides
Eukaryota,Metazoa,Chordata,Actinopteri,Perciformes,Scorpaenidae,Scorpaenodes,Scorpaenodes hirsutus
Eukaryota,Metazoa,Chordata,Actinopteri,Perciformes,Scorpaenidae,Scorpaenodes,Scorpaenodes kelloggi
Eukaryota,Metazoa,Chordata,Actinopteri,Perciformes,Scorpaenidae,Scorpaenodes,Scorpaenodes parvipinnis
Eukaryota,Metazoa,Chordata,Actinopteri,Perciformes,Scorpaenidae,Scorpaenopsis,Scorpaenopsis cacopsis
Eukaryota,Metazoa,Chordata,Actinopteri,Perciformes,Scorpaenidae,Scorpaenopsis,Scorpaenopsis diabolus
Eukaryota,Metazoa,Chordata,Actinopteri,Perciformes,Scorpaenidae,Sebastapistes,Sebastapistes coniorta
Eukaryota,Metazoa,Chordata,Actinopteri,Perciformes,Scorpaenidae,Sebastapistes,Sebastapistes fowleri
Eukaryota,Metazoa,Chordata,Actinopteri,Perciformes,Scorpaenidae,Taenianotus,Taenianotus triacanthus
Eukaryota,Metazoa,Chordata,Actinopteri,Perciformes,Sebastidae,Hozukius,Hozukius guyotensis
Eukaryota,Metazoa,Chordata,Actinopteri,Perciformes,Serranidae,Aporops,Aporops bilinearis
Eukaryota,Metazoa,Chordata,Actinopteri,Perciformes,Serranidae,Caprodon,Caprodon unicolor
Eukaryota,Metazoa,Chordata,Actinopteri,Perciformes,Serranidae,Cephalopholis,Cephalopholis argus
Eukaryota,Metazoa,Chordata,Actinopteri,Perciformes,Serranidae,Epinephelus,Epinephelus lanceolatus
Eukaryota,Metazoa,Chordata,Actinopteri,Perciformes,Serranidae,Hyporthodus,Hyporthodus quernus
Eukaryota,Metazoa,Chordata,Actinopteri,Perciformes,Serranidae,Liopropoma,Liopropoma maculatum
Eukaryota,Metazoa,Chordata,Actinopteri,Perciformes,Serranidae,Luzonichthys,Luzonichthys earlei
Eukaryota,Metazoa,Chordata,Actinopteri,Perciformes,Serranidae,Odontanthias,Odontanthias elizabethae
Eukaryota,Metazoa,Chordata,Actinopteri,Perciformes,Serranidae,Plectranthias,Plectranthias nanus
Eukaryota,Metazoa,Chordata,Actinopteri,Perciformes,Serranidae,Plectranthias,Plectranthias winniensis
Eukaryota,Metazoa,Chordata,Actinopteri,Perciformes,Serranidae,Pseudanthias,Pseudanthias bicolor
Eukaryota,Metazoa,Chordata,Actinopteri,Perciformes,Serranidae,Pseudanthias,Pseudanthias randalli
Eukaryota,Metazoa,Chordata,Actinopteri,Perciformes,Serranidae,Pseudogramma,Pseudogramma brederi
Eukaryota,Metazoa,Chordata,Actinopteri,Perciformes,Serranidae,Pseudogramma,Pseudogramma polyacantha
Eukaryota,Metazoa,Chordata,Actinopteri,Perciformes,Serranidae,Suttonia,Suttonia lineata
Eukaryota,Metazoa,Chordata,Actinopteri,Perciformes,Setarchidae,Ectreposebastes,Ectreposebastes imus
Eukaryota,Metazoa,Chordata,Actinopteri,Perciformes,Setarchidae,Setarches,Setarches guentheri
Eukaryota,Metazoa,Chordata,Actinopteri,Perciformes,Triglidae,Chelidonichthys,Chelidonichthys kumu
Eukaryota,Metazoa,Chordata,Actinopteri,Perciformes,NA,Bembrops,Bembrops filiferus
Eukaryota,Metazoa,Chordata,Actinopteri,Perciformes,NA,NA,Scorpaenidae
Eukaryota,Metazoa,Chordata,Actinopteri,Pleuronectiformes,Bothidae,Asterorhombus,Asterorhombus filifer
Eukaryota,Metazoa,Chordata,Actinopteri,Pleuronectiformes,Bothidae,Bothus,Bothus mancus
Eukaryota,Metazoa,Chordata,Actinopteri,Pleuronectiformes,Bothidae,Bothus,Bothus myriaster
Eukaryota,Metazoa,Chordata,Actinopteri,Pleuronectiformes,Bothidae,Bothus,Bothus pantherinus
Eukaryota,Metazoa,Chordata,Actinopteri,Pleuronectiformes,Bothidae,Chascanopsetta,Chascanopsetta prorigera
Eukaryota,Metazoa,Chordata,Actinopteri,Pleuronectiformes,Bothidae,Engyprosopon,Engyprosopon xenandrus
Eukaryota,Metazoa,Chordata,Actinopteri,Pleuronectiformes,Bothidae,Parabothus,Parabothus chlorospilus
Eukaryota,Metazoa,Chordata,Actinopteri,Pleuronectiformes,Bothidae,Parabothus,Parabothus coarctatus
Eukaryota,Metazoa,Chordata,Actinopteri,Pleuronectiformes,Bothidae,Taeniopsetta,Taeniopsetta radula
Eukaryota,Metazoa,Chordata,Actinopteri,Pleuronectiformes,Cynoglossidae,Symphurus,Symphurus strictus
Eukaryota,Metazoa,Chordata,Actinopteri,Pleuronectiformes,Poecilopsettidae,Poecilopsetta,Poecilopsetta hawaiiensis
Eukaryota,Metazoa,Chordata,Actinopteri,Pleuronectiformes,Samaridae,Samariscus,Samariscus triocellatus
Eukaryota,Metazoa,Chordata,Actinopteri,Polymixiiformes,Polymixiidae,Polymixia,Polymixia berndti
Eukaryota,Metazoa,Chordata,Actinopteri,Polymixiiformes,Polymixiidae,Polymixia,Polymixia japonica
Eukaryota,Metazoa,Chordata,Actinopteri,Priacanthiformes,Priacanthidae,Cookeolus,Cookeolus japonicus
Eukaryota,Metazoa,Chordata,Actinopteri,Priacanthiformes,Priacanthidae,Heteropriacanthus,Heteropriacanthus cruentatus
Eukaryota,Metazoa,Chordata,Actinopteri,Priacanthiformes,Priacanthidae,Priacanthus,Priacanthus meeki
Eukaryota,Metazoa,Chordata,Actinopteri,Scombriformes,Amarsipidae,Amarsipus,Amarsipus carlsbergi
Eukaryota,Metazoa,Chordata,Actinopteri,Scombriformes,Bramidae,Brama,Brama dussumieri
Eukaryota,Metazoa,Chordata,Actinopteri,Scombriformes,Bramidae,Brama,Brama japonica
Eukaryota,Metazoa,Chordata,Actinopteri,Scombriformes,Bramidae,Brama,Brama orcini
Eukaryota,Metazoa,Chordata,Actinopteri,Scombriformes,Bramidae,Eumegistus,Eumegistus illustris
Eukaryota,Metazoa,Chordata,Actinopteri,Scombriformes,Bramidae,Pteraclis,Pteraclis aesticola
Eukaryota,Metazoa,Chordata,Actinopteri,Scombriformes,Bramidae,Pterycombus,Pterycombus petersii
Eukaryota,Metazoa,Chordata,Actinopteri,Scombriformes,Bramidae,Taractes,Taractes asper
Eukaryota,Metazoa,Chordata,Actinopteri,Scombriformes,Bramidae,Taractes,Taractes rubescens
Eukaryota,Metazoa,Chordata,Actinopteri,Scombriformes,Bramidae,Taractichthys,Taractichthys steindachneri
Eukaryota,Metazoa,Chordata,Actinopteri,Scombriformes,Caristiidae,Caristius,Caristius macropus
Eukaryota,Metazoa,Chordata,Actinopteri,Scombriformes,Caristiidae,Paracaristius,Paracaristius nudarcus
Eukaryota,Metazoa,Chordata,Actinopteri,Scombriformes,Caristiidae,Platyberyx,Platyberyx andriashevi
Eukaryota,Metazoa,Chordata,Actinopteri,Scombriformes,Centrolophidae,Hyperoglyphe,Hyperoglyphe japonica
Eukaryota,Metazoa,Chordata,Actinopteri,Scombriformes,Chiasmodontidae,Chiasmodon,Chiasmodon braueri
Eukaryota,Metazoa,Chordata,Actinopteri,Scombriformes,Chiasmodontidae,Chiasmodon,Chiasmodon subniger
Eukaryota,Metazoa,Chordata,Actinopteri,Scombriformes,Chiasmodontidae,Dysalotus,Dysalotus alcocki
Eukaryota,Metazoa,Chordata,Actinopteri,Scombriformes,Chiasmodontidae,Kali,Kali falx
Eukaryota,Metazoa,Chordata,Actinopteri,Scombriformes,Chiasmodontidae,Kali,Kali indica
Eukaryota,Metazoa,Chordata,Actinopteri,Scombriformes,Chiasmodontidae,Kali,Kali kerberti
Eukaryota,Metazoa,Chordata,Actinopteri,Scombriformes,Chiasmodontidae,Pseudoscopelus,Pseudoscopelus altipinnis
Eukaryota,Metazoa,Chordata,Actinopteri,Scombriformes,Chiasmodontidae,Pseudoscopelus,Pseudoscopelus lavenbergi
Eukaryota,Metazoa,Chordata,Actinopteri,Scombriformes,Chiasmodontidae,Pseudoscopelus,Pseudoscopelus obtusifrons
Eukaryota,Metazoa,Chordata,Actinopteri,Scombriformes,Chiasmodontidae,Pseudoscopelus,Pseudoscopelus sagamianus
Eukaryota,Metazoa,Chordata,Actinopteri,Scombriformes,Chiasmodontidae,Pseudoscopelus,Pseudoscopelus scutatus
Eukaryota,Metazoa,Chordata,Actinopteri,Scombriformes,Gempylidae,Diplospinus,Diplospinus multistriatus
Eukaryota,Metazoa,Chordata,Actinopteri,Scombriformes,Gempylidae,Epinnula,Epinnula magistralis
Eukaryota,Metazoa,Chordata,Actinopteri,Scombriformes,Gempylidae,Gempylus,Gempylus serpens
Eukaryota,Metazoa,Chordata,Actinopteri,Scombriformes,Gempylidae,Lepidocybium,Lepidocybium flavobrunneum
Eukaryota,Metazoa,Chordata,Actinopteri,Scombriformes,Gempylidae,Nealotus,Nealotus tripes
Eukaryota,Metazoa,Chordata,Actinopteri,Scombriformes,Gempylidae,Nesiarchus,Nesiarchus nasutus
Eukaryota,Metazoa,Chordata,Actinopteri,Scombriformes,Gempylidae,Promethichthys,Promethichthys prometheus
Eukaryota,Metazoa,Chordata,Actinopteri,Scombriformes,Gempylidae,Rexea,Rexea nakamurai
Eukaryota,Metazoa,Chordata,Actinopteri,Scombriformes,Gempylidae,Ruvettus,Ruvettus pretiosus
Eukaryota,Metazoa,Chordata,Actinopteri,Scombriformes,Gempylidae,Thyrsitoides,Thyrsitoides marleyi
Eukaryota,Metazoa,Chordata,Actinopteri,Scombriformes,Nomeidae,Cubiceps,Cubiceps baxteri
Eukaryota,Metazoa,Chordata,Actinopteri,Scombriformes,Nomeidae,Cubiceps,Cubiceps capensis
Eukaryota,Metazoa,Chordata,Actinopteri,Scombriformes,Nomeidae,Cubiceps,Cubiceps paradoxus
Eukaryota,Metazoa,Chordata,Actinopteri,Scombriformes,Nomeidae,Cubiceps,Cubiceps pauciradiatus
Eukaryota,Metazoa,Chordata,Actinopteri,Scombriformes,Nomeidae,Nomeus,Nomeus gronovii
Eukaryota,Metazoa,Chordata,Actinopteri,Scombriformes,Nomeidae,Psenes,Psenes arafurensis
Eukaryota,Metazoa,Chordata,Actinopteri,Scombriformes,Nomeidae,Psenes,Psenes cyanophrys
Eukaryota,Metazoa,Chordata,Actinopteri,Scombriformes,Nomeidae,Psenes,Psenes maculatus
Eukaryota,Metazoa,Chordata,Actinopteri,Scombriformes,Nomeidae,Psenes,Psenes pellucidus
Eukaryota,Metazoa,Chordata,Actinopteri,Scombriformes,Scombridae,Acanthocybium,Acanthocybium solandri
Eukaryota,Metazoa,Chordata,Actinopteri,Scombriformes,Scombridae,Auxis,Auxis rochei
Eukaryota,Metazoa,Chordata,Actinopteri,Scombriformes,Scombridae,Auxis,Auxis thazard
Eukaryota,Metazoa,Chordata,Actinopteri,Scombriformes,Scombridae,Euthynnus,Euthynnus affinis
Eukaryota,Metazoa,Chordata,Actinopteri,Scombriformes,Scombridae,Euthynnus,Euthynnus lineatus
Eukaryota,Metazoa,Chordata,Actinopteri,Scombriformes,Scombridae,Katsuwonus,Katsuwonus pelamis
Eukaryota,Metazoa,Chordata,Actinopteri,Scombriformes,Scombridae,Sarda,Sarda orientalis
Eukaryota,Metazoa,Chordata,Actinopteri,Scombriformes,Scombridae,Scomber,Scomber australasicus
Eukaryota,Metazoa,Chordata,Actinopteri,Scombriformes,Scombridae,Thunnus,Thunnus alalunga
Eukaryota,Metazoa,Chordata,Actinopteri,Scombriformes,Scombridae,Thunnus,Thunnus albacares
Eukaryota,Metazoa,Chordata,Actinopteri,Scombriformes,Scombridae,Thunnus,Thunnus obesus
Eukaryota,Metazoa,Chordata,Actinopteri,Scombriformes,Scombridae,Thunnus,Thunnus orientalis
Eukaryota,Metazoa,Chordata,Actinopteri,Scombriformes,Scombrolabracidae,Scombrolabrax,Scombrolabrax heterolepis
Eukaryota,Metazoa,Chordata,Actinopteri,Scombriformes,Tetragonuridae,Tetragonurus,Tetragonurus atlanticus
Eukaryota,Metazoa,Chordata,Actinopteri,Scombriformes,Tetragonuridae,Tetragonurus,Tetragonurus cuvieri
Eukaryota,Metazoa,Chordata,Actinopteri,Scombriformes,Tetragonuridae,Tetragonurus,Tetragonurus pacificus
Eukaryota,Metazoa,Chordata,Actinopteri,Scombriformes,Trichiuridae,Aphanopus,Aphanopus arigato
Eukaryota,Metazoa,Chordata,Actinopteri,Scombriformes,Trichiuridae,Assurger,Assurger anzac
Eukaryota,Metazoa,Chordata,Actinopteri,Scombriformes,Trichiuridae,Benthodesmus,Benthodesmus tenuis
Eukaryota,Metazoa,Chordata,Actinopteri,Spariformes,Lethrinidae,Monotaxis,Monotaxis grandoculis
Eukaryota,Metazoa,Chordata,Actinopteri,Stomiiformes,Diplophidae,Diplophos,Diplophos orientalis
Eukaryota,Metazoa,Chordata,Actinopteri,Stomiiformes,Diplophidae,Diplophos,Diplophos taenia
Eukaryota,Metazoa,Chordata,Actinopteri,Stomiiformes,Gonostomatidae,Cyclothone,Cyclothone acclinidens
Eukaryota,Metazoa,Chordata,Actinopteri,Stomiiformes,Gonostomatidae,Cyclothone,Cyclothone alba
Eukaryota,Metazoa,Chordata,Actinopteri,Stomiiformes,Gonostomatidae,Cyclothone,Cyclothone atraria
Eukaryota,Metazoa,Chordata,Actinopteri,Stomiiformes,Gonostomatidae,Cyclothone,Cyclothone obscura
Eukaryota,Metazoa,Chordata,Actinopteri,Stomiiformes,Gonostomatidae,Cyclothone,Cyclothone pallida
Eukaryota,Metazoa,Chordata,Actinopteri,Stomiiformes,Gonostomatidae,Cyclothone,Cyclothone pseudopallida
Eukaryota,Metazoa,Chordata,Actinopteri,Stomiiformes,Gonostomatidae,Cyclothone,Cyclothone signata
Eukaryota,Metazoa,Chordata,Actinopteri,Stomiiformes,Gonostomatidae,Gonostoma,Gonostoma atlanticum
Eukaryota,Metazoa,Chordata,Actinopteri,Stomiiformes,Gonostomatidae,Margrethia,Margrethia obtusirostra
Eukaryota,Metazoa,Chordata,Actinopteri,Stomiiformes,Gonostomatidae,Sigmops,Sigmops ebelingi
Eukaryota,Metazoa,Chordata,Actinopteri,Stomiiformes,Gonostomatidae,Sigmops,Sigmops gracilis
Eukaryota,Metazoa,Chordata,Actinopteri,Stomiiformes,Phosichthyidae,Ichthyococcus,Ichthyococcus elongatus
Eukaryota,Metazoa,Chordata,Actinopteri,Stomiiformes,Phosichthyidae,Vinciguerria,Vinciguerria attenuata
Eukaryota,Metazoa,Chordata,Actinopteri,Stomiiformes,Phosichthyidae,Vinciguerria,Vinciguerria nimbaria
Eukaryota,Metazoa,Chordata,Actinopteri,Stomiiformes,Phosichthyidae,Vinciguerria,Vinciguerria poweriae
Eukaryota,Metazoa,Chordata,Actinopteri,Stomiiformes,Phosichthyidae,Woodsia,Woodsia nonsuchae
Eukaryota,Metazoa,Chordata,Actinopteri,Stomiiformes,Sternoptychidae,Argyropelecus,Argyropelecus aculeatus
Eukaryota,Metazoa,Chordata,Actinopteri,Stomiiformes,Sternoptychidae,Argyropelecus,Argyropelecus affinis
Eukaryota,Metazoa,Chordata,Actinopteri,Stomiiformes,Sternoptychidae,Argyropelecus,Argyropelecus hemigymnus
Eukaryota,Metazoa,Chordata,Actinopteri,Stomiiformes,Sternoptychidae,Argyropelecus,Argyropelecus sladeni
Eukaryota,Metazoa,Chordata,Actinopteri,Stomiiformes,Sternoptychidae,Danaphos,Danaphos oculatus
Eukaryota,Metazoa,Chordata,Actinopteri,Stomiiformes,Sternoptychidae,Maurolicus,Maurolicus japonicus
Eukaryota,Metazoa,Chordata,Actinopteri,Stomiiformes,Sternoptychidae,Polyipnus,Polyipnus matsubarai
Eukaryota,Metazoa,Chordata,Actinopteri,Stomiiformes,Sternoptychidae,Sternoptyx,Sternoptyx diaphana
Eukaryota,Metazoa,Chordata,Actinopteri,Stomiiformes,Sternoptychidae,Sternoptyx,Sternoptyx obscura
Eukaryota,Metazoa,Chordata,Actinopteri,Stomiiformes,Sternoptychidae,Sternoptyx,Sternoptyx pseudobscura
Eukaryota,Metazoa,Chordata,Actinopteri,Stomiiformes,Sternoptychidae,Valenciennellus,Valenciennellus tripunctulatus
Eukaryota,Metazoa,Chordata,Actinopteri,Stomiiformes,Stomiidae,Aristostomias,Aristostomias grimaldii
Eukaryota,Metazoa,Chordata,Actinopteri,Stomiiformes,Stomiidae,Aristostomias,Aristostomias polydactylus
Eukaryota,Metazoa,Chordata,Actinopteri,Stomiiformes,Stomiidae,Aristostomias,Aristostomias tittmanni
Eukaryota,Metazoa,Chordata,Actinopteri,Stomiiformes,Stomiidae,Astronesthes,Astronesthes cyaneus
Eukaryota,Metazoa,Chordata,Actinopteri,Stomiiformes,Stomiidae,Astronesthes,Astronesthes gemmifer
Eukaryota,Metazoa,Chordata,Actinopteri,Stomiiformes,Stomiidae,Astronesthes,Astronesthes indicus
Eukaryota,Metazoa,Chordata,Actinopteri,Stomiiformes,Stomiidae,Astronesthes,Astronesthes lucifer
Eukaryota,Metazoa,Chordata,Actinopteri,Stomiiformes,Stomiidae,Astronesthes,Astronesthes nigroides
Eukaryota,Metazoa,Chordata,Actinopteri,Stomiiformes,Stomiidae,Astronesthes,Astronesthes splendidus
Eukaryota,Metazoa,Chordata,Actinopteri,Stomiiformes,Stomiidae,Astronesthes,Astronesthes trifibulatus
Eukaryota,Metazoa,Chordata,Actinopteri,Stomiiformes,Stomiidae,Bathophilus,Bathophilus brevis
Eukaryota,Metazoa,Chordata,Actinopteri,Stomiiformes,Stomiidae,Bathophilus,Bathophilus digitatus
Eukaryota,Metazoa,Chordata,Actinopteri,Stomiiformes,Stomiidae,Bathophilus,Bathophilus kingi
Eukaryota,Metazoa,Chordata,Actinopteri,Stomiiformes,Stomiidae,Bathophilus,Bathophilus longipinnis
Eukaryota,Metazoa,Chordata,Actinopteri,Stomiiformes,Stomiidae,Bathophilus,Bathophilus pawneei
Eukaryota,Metazoa,Chordata,Actinopteri,Stomiiformes,Stomiidae,Borostomias,Borostomias pacificus
Eukaryota,Metazoa,Chordata,Actinopteri,Stomiiformes,Stomiidae,Chauliodus,Chauliodus sloani
Eukaryota,Metazoa,Chordata,Actinopteri,Stomiiformes,Stomiidae,Echiostoma,Echiostoma barbatum
Eukaryota,Metazoa,Chordata,Actinopteri,Stomiiformes,Stomiidae,Eustomias,Eustomias bifilis
Eukaryota,Metazoa,Chordata,Actinopteri,Stomiiformes,Stomiidae,Eustomias,Eustomias fissibarbis
Eukaryota,Metazoa,Chordata,Actinopteri,Stomiiformes,Stomiidae,Eustomias,Eustomias tomentosis
Eukaryota,Metazoa,Chordata,Actinopteri,Stomiiformes,Stomiidae,Flagellostomias,Flagellostomias boureei
Eukaryota,Metazoa,Chordata,Actinopteri,Stomiiformes,Stomiidae,Heterophotus,Heterophotus ophistoma
Eukaryota,Metazoa,Chordata,Actinopteri,Stomiiformes,Stomiidae,Idiacanthus,Idiacanthus fasciola
Eukaryota,Metazoa,Chordata,Actinopteri,Stomiiformes,Stomiidae,Malacosteus,Malacosteus niger
Eukaryota,Metazoa,Chordata,Actinopteri,Stomiiformes,Stomiidae,Melanostomias,Melanostomias melanops
Eukaryota,Metazoa,Chordata,Actinopteri,Stomiiformes,Stomiidae,Neonesthes,Neonesthes microcephalus
Eukaryota,Metazoa,Chordata,Actinopteri,Stomiiformes,Stomiidae,Opostomias,Opostomias mitsuii
Eukaryota,Metazoa,Chordata,Actinopteri,Stomiiformes,Stomiidae,Pachystomias,Pachystomias microdon
Eukaryota,Metazoa,Chordata,Actinopteri,Stomiiformes,Stomiidae,Photonectes,Photonectes albipennis
Eukaryota,Metazoa,Chordata,Actinopteri,Stomiiformes,Stomiidae,Photostomias,Photostomias liemi
Eukaryota,Metazoa,Chordata,Actinopteri,Stomiiformes,Stomiidae,Stomias,Stomias danae
Eukaryota,Metazoa,Chordata,Actinopteri,Stomiiformes,Stomiidae,Stomias,Stomias longibarbatus
Eukaryota,Metazoa,Chordata,Actinopteri,Stomiiformes,Stomiidae,Thysanactis,Thysanactis dentex
Eukaryota,Metazoa,Chordata,Actinopteri,Stylephoriformes,Stylephoridae,Stylephorus,Stylephorus chordatus
Eukaryota,Metazoa,Chordata,Actinopteri,Syngnathiformes,Aulostomidae,Aulostomus,Aulostomus chinensis
Eukaryota,Metazoa,Chordata,Actinopteri,Syngnathiformes,Callionymidae,Callionymus,Callionymus decoratus
Eukaryota,Metazoa,Chordata,Actinopteri,Syngnathiformes,Callionymidae,Synchiropus,Synchiropus kiyoae
Eukaryota,Metazoa,Chordata,Actinopteri,Syngnathiformes,Centriscidae,Macroramphosus,Macroramphosus gracilis
Eukaryota,Metazoa,Chordata,Actinopteri,Syngnathiformes,Centriscidae,Macroramphosus,Macroramphosus scolopax
Eukaryota,Metazoa,Chordata,Actinopteri,Syngnathiformes,Dactylopteridae,Dactyloptena,Dactyloptena orientalis
Eukaryota,Metazoa,Chordata,Actinopteri,Syngnathiformes,Draconettidae,Draconetta,Draconetta xenica
Eukaryota,Metazoa,Chordata,Actinopteri,Syngnathiformes,Fistulariidae,Fistularia,Fistularia commersonii
Eukaryota,Metazoa,Chordata,Actinopteri,Syngnathiformes,Fistulariidae,Fistularia,Fistularia petimba
Eukaryota,Metazoa,Chordata,Actinopteri,Syngnathiformes,Mullidae,Mulloidichthys,Mulloidichthys flavolineatus
Eukaryota,Metazoa,Chordata,Actinopteri,Syngnathiformes,Mullidae,Mulloidichthys,Mulloidichthys pfluegeri
Eukaryota,Metazoa,Chordata,Actinopteri,Syngnathiformes,Mullidae,Mulloidichthys,Mulloidichthys vanicolensis
Eukaryota,Metazoa,Chordata,Actinopteri,Syngnathiformes,Mullidae,Parupeneus,Parupeneus chrysonemus
Eukaryota,Metazoa,Chordata,Actinopteri,Syngnathiformes,Mullidae,Parupeneus,Parupeneus cyclostomus
Eukaryota,Metazoa,Chordata,Actinopteri,Syngnathiformes,Mullidae,Parupeneus,Parupeneus insularis
Eukaryota,Metazoa,Chordata,Actinopteri,Syngnathiformes,Mullidae,Parupeneus,Parupeneus multifasciatus
Eukaryota,Metazoa,Chordata,Actinopteri,Syngnathiformes,Mullidae,Parupeneus,Parupeneus pleurostigma
Eukaryota,Metazoa,Chordata,Actinopteri,Syngnathiformes,Mullidae,Parupeneus,Parupeneus porphyreus
Eukaryota,Metazoa,Chordata,Actinopteri,Syngnathiformes,Mullidae,Upeneus,Upeneus taeniopterus
Eukaryota,Metazoa,Chordata,Actinopteri,Syngnathiformes,Mullidae,Upeneus,Upeneus vittatus
Eukaryota,Metazoa,Chordata,Actinopteri,Syngnathiformes,Syngnathidae,Cosmocampus,Cosmocampus balli
Eukaryota,Metazoa,Chordata,Actinopteri,Syngnathiformes,Syngnathidae,Doryrhamphus,Doryrhamphus excisus
Eukaryota,Metazoa,Chordata,Actinopteri,Syngnathiformes,Syngnathidae,Dunckerocampus,Dunckerocampus baldwini
Eukaryota,Metazoa,Chordata,Actinopteri,Syngnathiformes,Syngnathidae,Festucalex,Festucalex erythraeus
Eukaryota,Metazoa,Chordata,Actinopteri,Syngnathiformes,Syngnathidae,Hippocampus,Hippocampus fisheri
Eukaryota,Metazoa,Chordata,Actinopteri,Syngnathiformes,Syngnathidae,Hippocampus,Hippocampus histrix
Eukaryota,Metazoa,Chordata,Actinopteri,Syngnathiformes,Syngnathidae,Hippocampus,Hippocampus kuda
Eukaryota,Metazoa,Chordata,Actinopteri,Tetraodontiformes,Balistidae,Balistes,Balistes polylepis
Eukaryota,Metazoa,Chordata,Actinopteri,Tetraodontiformes,Balistidae,Canthidermis,Canthidermis maculata
Eukaryota,Metazoa,Chordata,Actinopteri,Tetraodontiformes,Balistidae,Melichthys,Melichthys niger
Eukaryota,Metazoa,Chordata,Actinopteri,Tetraodontiformes,Balistidae,Melichthys,Melichthys vidua
Eukaryota,Metazoa,Chordata,Actinopteri,Tetraodontiformes,Balistidae,Rhinecanthus,Rhinecanthus aculeatus
Eukaryota,Metazoa,Chordata,Actinopteri,Tetraodontiformes,Balistidae,Rhinecanthus,Rhinecanthus rectangulus
Eukaryota,Metazoa,Chordata,Actinopteri,Tetraodontiformes,Balistidae,Sufflamen,Sufflamen bursa
Eukaryota,Metazoa,Chordata,Actinopteri,Tetraodontiformes,Balistidae,Sufflamen,Sufflamen fraenatum
Eukaryota,Metazoa,Chordata,Actinopteri,Tetraodontiformes,Balistidae,Xanthichthys,Xanthichthys auromarginatus
Eukaryota,Metazoa,Chordata,Actinopteri,Tetraodontiformes,Balistidae,Xanthichthys,Xanthichthys caeruleolineatus
Eukaryota,Metazoa,Chordata,Actinopteri,Tetraodontiformes,Balistidae,Xanthichthys,Xanthichthys mento
Eukaryota,Metazoa,Chordata,Actinopteri,Tetraodontiformes,Diodontidae,Chilomycterus,Chilomycterus reticulatus
Eukaryota,Metazoa,Chordata,Actinopteri,Tetraodontiformes,Diodontidae,Diodon,Diodon eydouxii
Eukaryota,Metazoa,Chordata,Actinopteri,Tetraodontiformes,Diodontidae,Diodon,Diodon holocanthus
Eukaryota,Metazoa,Chordata,Actinopteri,Tetraodontiformes,Diodontidae,Diodon,Diodon hystrix
Eukaryota,Metazoa,Chordata,Actinopteri,Tetraodontiformes,Molidae,Masturus,Masturus lanceolatus
Eukaryota,Metazoa,Chordata,Actinopteri,Tetraodontiformes,Molidae,Mola,Mola mola
Eukaryota,Metazoa,Chordata,Actinopteri,Tetraodontiformes,Molidae,Ranzania,Ranzania laevis
Eukaryota,Metazoa,Chordata,Actinopteri,Tetraodontiformes,Monacanthidae,Aluterus,Aluterus monoceros
Eukaryota,Metazoa,Chordata,Actinopteri,Tetraodontiformes,Monacanthidae,Aluterus,Aluterus scriptus
Eukaryota,Metazoa,Chordata,Actinopteri,Tetraodontiformes,Monacanthidae,Cantherhines,Cantherhines dumerilii
Eukaryota,Metazoa,Chordata,Actinopteri,Tetraodontiformes,Monacanthidae,Cantherhines,Cantherhines sandwichiensis
Eukaryota,Metazoa,Chordata,Actinopteri,Tetraodontiformes,Monacanthidae,Cantherhines,Cantherhines verecundus
Eukaryota,Metazoa,Chordata,Actinopteri,Tetraodontiformes,Monacanthidae,Pervagor,Pervagor aspricaudus
Eukaryota,Metazoa,Chordata,Actinopteri,Tetraodontiformes,Monacanthidae,Pervagor,Pervagor spilosoma
Eukaryota,Metazoa,Chordata,Actinopteri,Tetraodontiformes,Ostraciidae,Lactoria,Lactoria diaphana
Eukaryota,Metazoa,Chordata,Actinopteri,Tetraodontiformes,Ostraciidae,Lactoria,Lactoria fornasini
Eukaryota,Metazoa,Chordata,Actinopteri,Tetraodontiformes,Ostraciidae,Ostracion,Ostracion meleagris
Eukaryota,Metazoa,Chordata,Actinopteri,Tetraodontiformes,Ostraciidae,Ostracion,Ostracion whitleyi
Eukaryota,Metazoa,Chordata,Actinopteri,Tetraodontiformes,Tetraodontidae,Arothron,Arothron hispidus
Eukaryota,Metazoa,Chordata,Actinopteri,Tetraodontiformes,Tetraodontidae,Arothron,Arothron manilensis
Eukaryota,Metazoa,Chordata,Actinopteri,Tetraodontiformes,Tetraodontidae,Arothron,Arothron meleagris
Eukaryota,Metazoa,Chordata,Actinopteri,Tetraodontiformes,Tetraodontidae,Canthigaster,Canthigaster amboinensis
Eukaryota,Metazoa,Chordata,Actinopteri,Tetraodontiformes,Tetraodontidae,Canthigaster,Canthigaster coronata
Eukaryota,Metazoa,Chordata,Actinopteri,Tetraodontiformes,Tetraodontidae,Canthigaster,Canthigaster epilampra
Eukaryota,Metazoa,Chordata,Actinopteri,Tetraodontiformes,Tetraodontidae,Canthigaster,Canthigaster inframacula
Eukaryota,Metazoa,Chordata,Actinopteri,Tetraodontiformes,Tetraodontidae,Canthigaster,Canthigaster jactator
Eukaryota,Metazoa,Chordata,Actinopteri,Tetraodontiformes,Tetraodontidae,Canthigaster,Canthigaster rivulata
Eukaryota,Metazoa,Chordata,Actinopteri,Tetraodontiformes,Tetraodontidae,Canthigaster,Canthigaster solandri
Eukaryota,Metazoa,Chordata,Actinopteri,Tetraodontiformes,Tetraodontidae,Lagocephalus,Lagocephalus lagocephalus
Eukaryota,Metazoa,Chordata,Actinopteri,Tetraodontiformes,Tetraodontidae,Sphoeroides,Sphoeroides pachygaster
Eukaryota,Metazoa,Chordata,Actinopteri,Trachichthyiformes,Anoplogasteridae,Anoplogaster,Anoplogaster cornuta
Eukaryota,Metazoa,Chordata,Actinopteri,Trachichthyiformes,Diretmidae,Diretmichthys,Diretmichthys parini
Eukaryota,Metazoa,Chordata,Actinopteri,Trachichthyiformes,Trachichthyidae,Aulotrachichthys,Aulotrachichthys prosthemius
Eukaryota,Metazoa,Chordata,Actinopteri,Trachichthyiformes,Trachichthyidae,Gephyroberyx,Gephyroberyx japonicus
Eukaryota,Metazoa,Chordata,Actinopteri,Trachichthyiformes,Trachichthyidae,Hoplostethus,Hoplostethus crassispinus
Eukaryota,Metazoa,Chordata,Actinopteri,Uranoscopiformes,Pinguipedidae,Parapercis,Parapercis schauinslandii
Eukaryota,Metazoa,Chordata,Actinopteri,Zeiformes,Grammicolepididae,Grammicolepis,Grammicolepis brachiusculus
Eukaryota,Metazoa,Chordata,Actinopteri,Zeiformes,Parazenidae,Stethopristes,Stethopristes eos
Eukaryota,Metazoa,Chordata,Actinopteri,NA,Emmelichthyidae,Emmelichthys,Emmelichthys karnellai
Eukaryota,Metazoa,Chordata,Actinopteri,NA,Emmelichthyidae,Emmelichthys,Emmelichthys struhsakeri
Eukaryota,Metazoa,Chordata,Actinopteri,NA,Emmelichthyidae,Erythrocles,Erythrocles scintillans
Eukaryota,Metazoa,Chordata,Actinopteri,NA,Malacanthidae,Malacanthus,Malacanthus brevirostris
Eukaryota,Metazoa,Chordata,Actinopteri,NA,Polynemidae,Polydactylus,Polydactylus sexfilis
Eukaryota,Metazoa,Chordata,Actinopteri,NA,Pomacanthidae,Apolemichthys,Apolemichthys arcuatus
Eukaryota,Metazoa,Chordata,Actinopteri,NA,Pomacanthidae,Apolemichthys,Apolemichthys xanthopunctatus
Eukaryota,Metazoa,Chordata,Actinopteri,NA,Pomacanthidae,Centropyge,Centropyge fisheri
Eukaryota,Metazoa,Chordata,Actinopteri,NA,Pomacanthidae,Centropyge,Centropyge flavissima
Eukaryota,Metazoa,Chordata,Actinopteri,NA,Pomacanthidae,Centropyge,Centropyge interrupta
Eukaryota,Metazoa,Chordata,Actinopteri,NA,Pomacanthidae,Centropyge,Centropyge loriculus
Eukaryota,Metazoa,Chordata,Actinopteri,NA,Pomacanthidae,Centropyge,Centropyge multicolor
Eukaryota,Metazoa,Chordata,Actinopteri,NA,Pomacanthidae,Centropyge,Centropyge nahackyi
Eukaryota,Metazoa,Chordata,Actinopteri,NA,Pomacanthidae,Centropyge,Centropyge nigriocellus
Eukaryota,Metazoa,Chordata,Actinopteri,NA,Pomacanthidae,Centropyge,Centropyge potteri
Eukaryota,Metazoa,Chordata,Actinopteri,NA,Pomacanthidae,Chaetodontoplus,Chaetodontoplus mesoleucus
Eukaryota,Metazoa,Chordata,Actinopteri,NA,Pomacanthidae,Genicanthus,Genicanthus personatus
Eukaryota,Metazoa,Chordata,Actinopteri,NA,Pomacanthidae,Pomacanthus,Pomacanthus imperator
Eukaryota,Metazoa,Chordata,Actinopteri,NA,Pomacanthidae,Pomacanthus,Pomacanthus semicirculatus
Eukaryota,Metazoa,Chordata,Actinopteri,NA,Pomacanthidae,Pygoplites,Pygoplites diacanthus
Eukaryota,Metazoa,Chordata,Actinopteri,NA,Pomacentridae,Abudefduf,Abudefduf abdominalis
Eukaryota,Metazoa,Chordata,Actinopteri,NA,Pomacentridae,Abudefduf,Abudefduf sordidus
Eukaryota,Metazoa,Chordata,Actinopteri,NA,Pomacentridae,Abudefduf,Abudefduf vaigiensis
Eukaryota,Metazoa,Chordata,Actinopteri,NA,Pomacentridae,Chromis,Chromis ovalis
Eukaryota,Metazoa,Chordata,Actinopteri,NA,Pomacentridae,Chromis,Chromis verater
Eukaryota,Metazoa,Chordata,Actinopteri,NA,Pomacentridae,Dascyllus,Dascyllus albisella
Eukaryota,Metazoa,Chordata,Actinopteri,NA,Pomacentridae,Plectroglyphidodon,Plectroglyphidodon fasciolatus
Eukaryota,Metazoa,Chordata,Actinopteri,NA,Pomacentridae,Plectroglyphidodon,Plectroglyphidodon imparipennis
Eukaryota,Metazoa,Chordata,Actinopteri,NA,Pomacentridae,Plectroglyphidodon,Plectroglyphidodon johnstonianus
Eukaryota,Metazoa,Chordata,Actinopteri,NA,Pomacentridae,Plectroglyphidodon,Plectroglyphidodon marginatus
Eukaryota,Metazoa,Chordata,Actinopteri,NA,Pomacentridae,Plectroglyphidodon,Plectroglyphidodon phoenixensis
Eukaryota,Metazoa,Chordata,Actinopteri,NA,Pomacentridae,NA,Chromis
Eukaryota,Metazoa,Chordata,Actinopteri,NA,Sphyraenidae,Sphyraena,Sphyraena barracuda
Eukaryota,Metazoa,Chordata,Actinopteri,NA,Sphyraenidae,Sphyraena,Sphyraena helleri
Eukaryota,Metazoa,Chordata,Chondrichthyes,Carcharhiniformes,Carcharhinidae,Carcharhinus,Carcharhinus albimarginatus
Eukaryota,Metazoa,Chordata,Chondrichthyes,Carcharhiniformes,Carcharhinidae,Carcharhinus,Carcharhinus altimus
Eukaryota,Metazoa,Chordata,Chondrichthyes,Carcharhiniformes,Carcharhinidae,Carcharhinus,Carcharhinus amblyrhynchos
Eukaryota,Metazoa,Chordata,Chondrichthyes,Carcharhiniformes,Carcharhinidae,Carcharhinus,Carcharhinus falciformis
Eukaryota,Metazoa,Chordata,Chondrichthyes,Carcharhiniformes,Carcharhinidae,Carcharhinus,Carcharhinus galapagensis
Eukaryota,Metazoa,Chordata,Chondrichthyes,Carcharhiniformes,Carcharhinidae,Carcharhinus,Carcharhinus limbatus
Eukaryota,Metazoa,Chordata,Chondrichthyes,Carcharhiniformes,Carcharhinidae,Carcharhinus,Carcharhinus longimanus
Eukaryota,Metazoa,Chordata,Chondrichthyes,Carcharhiniformes,Carcharhinidae,Carcharhinus,Carcharhinus melanopterus
Eukaryota,Metazoa,Chordata,Chondrichthyes,Carcharhiniformes,Carcharhinidae,Carcharhinus,Carcharhinus plumbeus
Eukaryota,Metazoa,Chordata,Chondrichthyes,Carcharhiniformes,Carcharhinidae,Galeocerdo,Galeocerdo cuvier
Eukaryota,Metazoa,Chordata,Chondrichthyes,Carcharhiniformes,Carcharhinidae,Prionace,Prionace glauca
Eukaryota,Metazoa,Chordata,Chondrichthyes,Carcharhiniformes,Carcharhinidae,Sphyrna,Sphyrna lewini
Eukaryota,Metazoa,Chordata,Chondrichthyes,Carcharhiniformes,Carcharhinidae,Sphyrna,Sphyrna mokarran
Eukaryota,Metazoa,Chordata,Chondrichthyes,Carcharhiniformes,Carcharhinidae,Sphyrna,Sphyrna zygaena
Eukaryota,Metazoa,Chordata,Chondrichthyes,Carcharhiniformes,Carcharhinidae,Triaenodon,Triaenodon obesus
Eukaryota,Metazoa,Chordata,Chondrichthyes,Carcharhiniformes,Pseudotriakidae,Pseudotriakis,Pseudotriakis microdon
Eukaryota,Metazoa,Chordata,Chondrichthyes,Echinorhiniformes,Echinorhinidae,Echinorhinus,Echinorhinus cookei
Eukaryota,Metazoa,Chordata,Chondrichthyes,Hexanchiformes,Hexanchidae,Hexanchus,Hexanchus griseus
Eukaryota,Metazoa,Chordata,Chondrichthyes,Lamniformes,Alopiidae,Alopias,Alopias pelagicus
Eukaryota,Metazoa,Chordata,Chondrichthyes,Lamniformes,Alopiidae,Alopias,Alopias superciliosus
Eukaryota,Metazoa,Chordata,Chondrichthyes,Lamniformes,Alopiidae,Alopias,Alopias vulpinus
Eukaryota,Metazoa,Chordata,Chondrichthyes,Lamniformes,Alopiidae,Carcharodon,Carcharodon carcharias
Eukaryota,Metazoa,Chordata,Chondrichthyes,Lamniformes,Alopiidae,Cetorhinus,Cetorhinus maximus
Eukaryota,Metazoa,Chordata,Chondrichthyes,Lamniformes,Alopiidae,Isurus,Isurus oxyrinchus
Eukaryota,Metazoa,Chordata,Chondrichthyes,Lamniformes,Alopiidae,Isurus,Isurus paucus
Eukaryota,Metazoa,Chordata,Chondrichthyes,Lamniformes,Megachasmidae,Megachasma,Megachasma pelagios
Eukaryota,Metazoa,Chordata,Chondrichthyes,Lamniformes,Odontaspididae,Odontaspis,Odontaspis ferox
Eukaryota,Metazoa,Chordata,Chondrichthyes,Lamniformes,Odontaspididae,Odontaspis,Odontaspis noronhai
Eukaryota,Metazoa,Chordata,Chondrichthyes,Lamniformes,Pseudocarchariidae,Pseudocarcharias,Pseudocarcharias kamoharai
Eukaryota,Metazoa,Chordata,Chondrichthyes,Myliobatiformes,Dasyatidae,Bathytoshia,Bathytoshia lata
Eukaryota,Metazoa,Chordata,Chondrichthyes,Myliobatiformes,Dasyatidae,Hypanus,Hypanus dipterurus
Eukaryota,Metazoa,Chordata,Chondrichthyes,Myliobatiformes,Dasyatidae,Pteroplatytrygon,Pteroplatytrygon violacea
Eukaryota,Metazoa,Chordata,Chondrichthyes,Myliobatiformes,Myliobatidae,Aetobatus,Aetobatus ocellatus
Eukaryota,Metazoa,Chordata,Chondrichthyes,Myliobatiformes,Myliobatidae,Mobula,Mobula alfredi
Eukaryota,Metazoa,Chordata,Chondrichthyes,Myliobatiformes,Myliobatidae,Mobula,Mobula birostris
Eukaryota,Metazoa,Chordata,Chondrichthyes,Myliobatiformes,Plesiobatidae,Plesiobatis,Plesiobatis daviesi
Eukaryota,Metazoa,Chordata,Chondrichthyes,Orectolobiformes,Rhincodontidae,Rhincodon,Rhincodon typus
Eukaryota,Metazoa,Chordata,Chondrichthyes,Squaliformes,Centrophoridae,Centrophorus,Centrophorus tessellatus
Eukaryota,Metazoa,Chordata,Chondrichthyes,Squaliformes,Dalatiidae,Dalatias,Dalatias licha
Eukaryota,Metazoa,Chordata,Chondrichthyes,Squaliformes,Dalatiidae,Euprotomicrus,Euprotomicrus bispinatus
Eukaryota,Metazoa,Chordata,Chondrichthyes,Squaliformes,Dalatiidae,Isistius,Isistius brasiliensis
Eukaryota,Metazoa,Chordata,Chondrichthyes,Squaliformes,Etmopteridae,Centroscyllium,Centroscyllium nigrum
Eukaryota,Metazoa,Chordata,Chondrichthyes,Squaliformes,Etmopteridae,Etmopterus,Etmopterus bigelowi
Eukaryota,Metazoa,Chordata,Chondrichthyes,Squaliformes,Etmopteridae,Etmopterus,Etmopterus pusillus
Eukaryota,Metazoa,Chordata,Chondrichthyes,Squaliformes,Etmopteridae,Trigonognathus,Trigonognathus kabeyai
Eukaryota,Metazoa,Chordata,Chondrichthyes,Squaliformes,Somniosidae,Somniosus,Somniosus pacificus
Eukaryota,Metazoa,Chordata,Chondrichthyes,Squaliformes,Somniosidae,Zameus,Zameus squamulosus
Eukaryota,Metazoa,Chordata,Chondrichthyes,Squaliformes,Squalidae,Squalus,Squalus mitsukurii
NA,NA,NA,NA,NA,NA,NA,Acromycter alcocki
NA,NA,NA,NA,NA,NA,NA,Ahliesaurus brevis
NA,NA,NA,NA,NA,NA,NA,Alepocephalus blanfordii
NA,NA,NA,NA,NA,NA,NA,Ammodytoides pylei
NA,NA,NA,NA,NA,NA,NA,Anarchias cantonensis
NA,NA,NA,NA,NA,NA,NA,Anarchias exulatus
NA,NA,NA,NA,NA,NA,NA,Anarchias leucurus
NA,NA,NA,NA,NA,NA,NA,Antennarius randalli
NA,NA,NA,NA,NA,NA,NA,Antennatus linearis
NA,NA,NA,NA,NA,NA,NA,Antigonia eos
NA,NA,NA,NA,NA,NA,NA,Apristurus spongiceps
NA,NA,NA,NA,NA,NA,NA,Apterichtus flavicaudus
NA,NA,NA,NA,NA,NA,NA,Araiophos gracilis
NA,NA,NA,NA,NA,NA,NA,Argyripnus brocki
NA,NA,NA,NA,NA,NA,NA,Argyripnus ephippiatus
NA,NA,NA,NA,NA,NA,NA,Ariosoma marginatum
NA,NA,NA,NA,NA,NA,NA,Aristostomias lunifer
NA,NA,NA,NA,NA,NA,NA,Arnoglossus debilis
NA,NA,NA,NA,NA,NA,NA,Aseraggodes borehami
NA,NA,NA,NA,NA,NA,NA,Aseraggodes holcomi
NA,NA,NA,NA,NA,NA,NA,Aseraggodes therese
NA,NA,NA,NA,NA,NA,NA,Astronesthes bilobatus
NA,NA,NA,NA,NA,NA,NA,Astronesthes fedorovi
NA,NA,NA,NA,NA,NA,NA,Astronesthes luetkeni
NA,NA,NA,NA,NA,NA,NA,Astronesthes quasiindicus
NA,NA,NA,NA,NA,NA,NA,Aulotrachichthys heptalepis
NA,NA,NA,NA,NA,NA,NA,Bathophilus altipinnis
NA,NA,NA,NA,NA,NA,NA,Bathophilus schizochirus
NA,NA,NA,NA,NA,NA,NA,Bathycongrus aequoreus
NA,NA,NA,NA,NA,NA,NA,Bathycongrus guttulatus
NA,NA,NA,NA,NA,NA,NA,Bathygadus bowersi
NA,NA,NA,NA,NA,NA,NA,Bodianus bathycapros
NA,NA,NA,NA,NA,NA,NA,Bodianus cylindriatus
NA,NA,NA,NA,NA,NA,NA,Brama myersi
NA,NA,NA,NA,NA,NA,NA,Brotulotaenia nielseni
NA,NA,NA,NA,NA,NA,NA,Bryaninops amplus
NA,NA,NA,NA,NA,NA,NA,Cabillus caudimacula
NA,NA,NA,NA,NA,NA,NA,Callechelys lutea
NA,NA,NA,NA,NA,NA,NA,Callionymus caeruleonotatus
NA,NA,NA,NA,NA,NA,NA,Callionymus comptus
NA,NA,NA,NA,NA,NA,NA,Caracanthus typicus
NA,NA,NA,NA,NA,NA,NA,Carangoides ferdau
NA,NA,NA,NA,NA,NA,NA,Cataetyx hawaiiensis
NA,NA,NA,NA,NA,NA,NA,Centrodraco rubellus
NA,NA,NA,NA,NA,NA,NA,Champsodon fimbriatus
NA,NA,NA,NA,NA,NA,NA,Chascanopsetta crumenalis
NA,NA,NA,NA,NA,NA,NA,Chiasmodon asper
NA,NA,NA,NA,NA,NA,NA,Chlorophthalmus proridens
NA,NA,NA,NA,NA,NA,NA,Chrionema squamiceps
NA,NA,NA,NA,NA,NA,NA,Chromis struhsakeri
NA,NA,NA,NA,NA,NA,NA,Cirrhilabrus luteovittatus
NA,NA,NA,NA,NA,NA,NA,Coelorinchus aratrum
NA,NA,NA,NA,NA,NA,NA,Coelorinchus doryssus
NA,NA,NA,NA,NA,NA,NA,Coelorinchus gladius
NA,NA,NA,NA,NA,NA,NA,Coelorinchus spilonotus
NA,NA,NA,NA,NA,NA,NA,Conger marginatus
NA,NA,NA,NA,NA,NA,NA,Conger oligoporus
NA,NA,NA,NA,NA,NA,NA,Coris ballieui
NA,NA,NA,NA,NA,NA,NA,Coryphaenoides longicirrhus
NA,NA,NA,NA,NA,NA,NA,Cymolutes lecluse
NA,NA,NA,NA,NA,NA,NA,Cypselurus simus
NA,NA,NA,NA,NA,NA,NA,Cyttomimus stelgis
NA,NA,NA,NA,NA,NA,NA,Danaphryne nigrifilis
NA,NA,NA,NA,NA,NA,NA,Diaphus pacificus
NA,NA,NA,NA,NA,NA,NA,Diaphus trachops
NA,NA,NA,NA,NA,NA,NA,Diaphus wisneri
NA,NA,NA,NA,NA,NA,NA,Diplacanthopoma riversandersoni
NA,NA,NA,NA,NA,NA,NA,Draculo pogognathus
NA,NA,NA,NA,NA,NA,NA,Dysomma brevirostre
NA,NA,NA,NA,NA,NA,NA,Enchelyurus brunneolus
NA,NA,NA,NA,NA,NA,NA,Engyprosopon arenicola
NA,NA,NA,NA,NA,NA,NA,Enneapterygius atriceps
NA,NA,NA,NA,NA,NA,NA,Entomacrodus marmoratus
NA,NA,NA,NA,NA,NA,NA,Epigonus devaneyi
NA,NA,NA,NA,NA,NA,NA,Epigonus fragilis
NA,NA,NA,NA,NA,NA,NA,Epigonus glossodontus
NA,NA,NA,NA,NA,NA,NA,Etmopterus villosus
NA,NA,NA,NA,NA,NA,NA,Eurypegasus papilio
NA,NA,NA,NA,NA,NA,NA,Eustomias albibulbus
NA,NA,NA,NA,NA,NA,NA,Eustomias bibulboides
NA,NA,NA,NA,NA,NA,NA,Eustomias bigelowi
NA,NA,NA,NA,NA,NA,NA,Eustomias bimargaritoides
NA,NA,NA,NA,NA,NA,NA,Eustomias bituberoides
NA,NA,NA,NA,NA,NA,NA,Eustomias bulbiramis
NA,NA,NA,NA,NA,NA,NA,Eustomias cancriensis
NA,NA,NA,NA,NA,NA,NA,Eustomias cryptobulbus
NA,NA,NA,NA,NA,NA,NA,Eustomias curtatus
NA,NA,NA,NA,NA,NA,NA,Eustomias deofamiliaris
NA,NA,NA,NA,NA,NA,NA,Eustomias dinema
NA,NA,NA,NA,NA,NA,NA,Eustomias elongatus
NA,NA,NA,NA,NA,NA,NA,Eustomias enbarbatus
NA,NA,NA,NA,NA,NA,NA,Eustomias gibbsi
NA,NA,NA,NA,NA,NA,NA,Eustomias inconstans
NA,NA,NA,NA,NA,NA,NA,Eustomias ioani
NA,NA,NA,NA,NA,NA,NA,Eustomias longiramis
NA,NA,NA,NA,NA,NA,NA,Eustomias macronema
NA,NA,NA,NA,NA,NA,NA,Eustomias magnificus
NA,NA,NA,NA,NA,NA,NA,Eustomias medusa
NA,NA,NA,NA,NA,NA,NA,Eustomias melanostigmoides
NA,NA,NA,NA,NA,NA,NA,Eustomias pacificus
NA,NA,NA,NA,NA,NA,NA,Eustomias parini
NA,NA,NA,NA,NA,NA,NA,Eustomias problematicus
NA,NA,NA,NA,NA,NA,NA,Eustomias satterleei
NA,NA,NA,NA,NA,NA,NA,Eustomias schmidti
NA,NA,NA,NA,NA,NA,NA,Eustomias similis
NA,NA,NA,NA,NA,NA,NA,Eustomias vulgaris
NA,NA,NA,NA,NA,NA,NA,Gadella molokaiensis
NA,NA,NA,NA,NA,NA,NA,Gadomus melanopterus
NA,NA,NA,NA,NA,NA,NA,Gigantactis gargantua
NA,NA,NA,NA,NA,NA,NA,Gigantactis golovani
NA,NA,NA,NA,NA,NA,NA,Gigantactis macronema
NA,NA,NA,NA,NA,NA,NA,Gigantactis perlatus
NA,NA,NA,NA,NA,NA,NA,Gigantactis savagei
NA,NA,NA,NA,NA,NA,NA,Glossanodon struhsakeri
NA,NA,NA,NA,NA,NA,NA,Gonorynchus moseleyi
NA,NA,NA,NA,NA,NA,NA,Gorgasia hawaiiensis
NA,NA,NA,NA,NA,NA,NA,Grammatonotus laysanus
NA,NA,NA,NA,NA,NA,NA,Grammatonotus macrophthalmus
NA,NA,NA,NA,NA,NA,NA,Grammonus nagaredai
NA,NA,NA,NA,NA,NA,NA,Grammonus waikiki
NA,NA,NA,NA,NA,NA,NA,Gymnothorax atolli
NA,NA,NA,NA,NA,NA,NA,Gymnothorax kontodontos
NA,NA,NA,NA,NA,NA,NA,Gymnothorax nuttingi
NA,NA,NA,NA,NA,NA,NA,Gymnothorax polyspondylus
NA,NA,NA,NA,NA,NA,NA,Halicampus edmondsoni
NA,NA,NA,NA,NA,NA,NA,Halieutaea retifera
NA,NA,NA,NA,NA,NA,NA,Halieutopsis margaretae
NA,NA,NA,NA,NA,NA,NA,Hollardia goslinei
NA,NA,NA,NA,NA,NA,NA,Hoplostethus fedorovi
NA,NA,NA,NA,NA,NA,NA,Hymenocephalus antraeus
NA,NA,NA,NA,NA,NA,NA,Hymenocephalus aterrimus
NA,NA,NA,NA,NA,NA,NA,Hymenocephalus striatulus
NA,NA,NA,NA,NA,NA,NA,Hymenogadus tenuis
NA,NA,NA,NA,NA,NA,NA,Hyporhamphus pacificus
NA,NA,NA,NA,NA,NA,NA,Ichthyapus platyrhynchus
NA,NA,NA,NA,NA,NA,NA,Ichthyococcus intermedius
NA,NA,NA,NA,NA,NA,NA,Ijimaia plicatellus
NA,NA,NA,NA,NA,NA,NA,Iniistius baldwini
NA,NA,NA,NA,NA,NA,NA,Istiblennius zebra
NA,NA,NA,NA,NA,NA,NA,Kelloggella oligolepis
NA,NA,NA,NA,NA,NA,NA,Kentrocapros spilonota
NA,NA,NA,NA,NA,NA,NA,Kumba hebetata
NA,NA,NA,NA,NA,NA,NA,Kuronezumia bubonis
NA,NA,NA,NA,NA,NA,NA,Lampanyctus macropterus
NA,NA,NA,NA,NA,NA,NA,Lampanyctus steinbecki
NA,NA,NA,NA,NA,NA,NA,Lasiognathus beebei
NA,NA,NA,NA,NA,NA,NA,Lasiognathus saccostoma
NA,NA,NA,NA,NA,NA,NA,Lasiognathus waltoni
NA,NA,NA,NA,NA,NA,NA,Lepidammodytes macrophthalmus
NA,NA,NA,NA,NA,NA,NA,Lepidopus calcar
NA,NA,NA,NA,NA,NA,NA,Leptobrotula breviventralis
NA,NA,NA,NA,NA,NA,NA,Leptostomias macronema
NA,NA,NA,NA,NA,NA,NA,Lestidiops mirabilis
NA,NA,NA,NA,NA,NA,NA,Lestidium nudum
NA,NA,NA,NA,NA,NA,NA,Linophryne escaramosa
NA,NA,NA,NA,NA,NA,NA,Linophryne indica
NA,NA,NA,NA,NA,NA,NA,Linophryne pennibarbata
NA,NA,NA,NA,NA,NA,NA,Liopropoma aurora
NA,NA,NA,NA,NA,NA,NA,Liopropoma collettei
NA,NA,NA,NA,NA,NA,NA,Lophiodes bruchius
NA,NA,NA,NA,NA,NA,NA,Luciobrotula lineata
NA,NA,NA,NA,NA,NA,NA,Malacocephalus boretzi
NA,NA,NA,NA,NA,NA,NA,Malacocephalus hawaiiensis
NA,NA,NA,NA,NA,NA,NA,Malthopsis mitrigera
NA,NA,NA,NA,NA,NA,NA,Maurolicus imperatorius
NA,NA,NA,NA,NA,NA,NA,Melamphaes danae
NA,NA,NA,NA,NA,NA,NA,Melamphaes indicus
NA,NA,NA,NA,NA,NA,NA,Melamphaes janae
NA,NA,NA,NA,NA,NA,NA,Melamphaes parini
NA,NA,NA,NA,NA,NA,NA,Mentodus eubranchus
NA,NA,NA,NA,NA,NA,NA,Mentodus mesalirus
NA,NA,NA,NA,NA,NA,NA,Microbrotula rubra
NA,NA,NA,NA,NA,NA,NA,Minyichthys brachyrhinus
NA,NA,NA,NA,NA,NA,NA,Moringua hawaiiensis
NA,NA,NA,NA,NA,NA,NA,Nansenia pelagica
NA,NA,NA,NA,NA,NA,NA,Neomerinthe rufescens
NA,NA,NA,NA,NA,NA,NA,Nettenchelys gephyra
NA,NA,NA,NA,NA,NA,NA,Nezumia burragei
NA,NA,NA,NA,NA,NA,NA,Nezumia ectenes
NA,NA,NA,NA,NA,NA,NA,Nezumia holocentra
NA,NA,NA,NA,NA,NA,NA,Nezumia obliquata
NA,NA,NA,NA,NA,NA,NA,Odontanthias fuscipinnis
NA,NA,NA,NA,NA,NA,NA,Oneirodes macronema
NA,NA,NA,NA,NA,NA,NA,Oneirodes pietschi
NA,NA,NA,NA,NA,NA,NA,Ophichthus fowleri
NA,NA,NA,NA,NA,NA,NA,Ophichthus kunaloa
NA,NA,NA,NA,NA,NA,NA,Opua nephodes
NA,NA,NA,NA,NA,NA,NA,Osteomugil engeli
NA,NA,NA,NA,NA,NA,NA,Ostichthys archiepiscopus
NA,NA,NA,NA,NA,NA,NA,Ostichthys sandix
NA,NA,NA,NA,NA,NA,NA,Ostorhinchus maculiferus
NA,NA,NA,NA,NA,NA,NA,Oxyurichthys heisei
NA,NA,NA,NA,NA,NA,NA,Parapercis roseoviridis
NA,NA,NA,NA,NA,NA,NA,Parascombrops argyreus
NA,NA,NA,NA,NA,NA,NA,Pentherichthys atratus
NA,NA,NA,NA,NA,NA,NA,Phaenomonas cooperae
NA,NA,NA,NA,NA,NA,NA,Photonectes caerulescens
NA,NA,NA,NA,NA,NA,NA,Photonectes parvimanus
NA,NA,NA,NA,NA,NA,NA,Photonectes waitti
NA,NA,NA,NA,NA,NA,NA,Photostomias lucingens
NA,NA,NA,NA,NA,NA,NA,Photostomias tantillux
NA,NA,NA,NA,NA,NA,NA,Phyllophichthus xenodontus
NA,NA,NA,NA,NA,NA,NA,Physiculus cynodon
NA,NA,NA,NA,NA,NA,NA,Physiculus grinnelli
NA,NA,NA,NA,NA,NA,NA,Physiculus sterops
NA,NA,NA,NA,NA,NA,NA,Plagiotremus ewaensis
NA,NA,NA,NA,NA,NA,NA,Plagiotremus goslinei
NA,NA,NA,NA,NA,NA,NA,Platybelone argalus
NA,NA,NA,NA,NA,NA,NA,Platybelone platyura
NA,NA,NA,NA,NA,NA,NA,Platyberyx paucus
NA,NA,NA,NA,NA,NA,NA,Plectranthias helenae
NA,NA,NA,NA,NA,NA,NA,Plectroglyphidodon sindonis
NA,NA,NA,NA,NA,NA,NA,Pleurosicya larsonae
NA,NA,NA,NA,NA,NA,NA,Polyipnus nuttingi
NA,NA,NA,NA,NA,NA,NA,Priacanthus alalaua
NA,NA,NA,NA,NA,NA,NA,Priolepis aureoviridis
NA,NA,NA,NA,NA,NA,NA,Priolepis limbatosquamis
NA,NA,NA,NA,NA,NA,NA,Pristilepis oligolepis
NA,NA,NA,NA,NA,NA,NA,Protammodytes brachistos
NA,NA,NA,NA,NA,NA,NA,Protomyctophum beckeri
NA,NA,NA,NA,NA,NA,NA,Pseudamiops diaphanes
NA,NA,NA,NA,NA,NA,NA,Pseudanthias fucinus
NA,NA,NA,NA,NA,NA,NA,Pseudanthias hawaiiensis
NA,NA,NA,NA,NA,NA,NA,Pseudanthias thompsoni
NA,NA,NA,NA,NA,NA,NA,Pseudocetonurus septifer
NA,NA,NA,NA,NA,NA,NA,Pseudohowella intermedia
NA,NA,NA,NA,NA,NA,NA,Pseudoscopelus parini
NA,NA,NA,NA,NA,NA,NA,Pterois sphex
NA,NA,NA,NA,NA,NA,NA,Pteropsaron incisum
NA,NA,NA,NA,NA,NA,NA,Pycnocraspedum armatum
NA,NA,NA,NA,NA,NA,NA,Remora albescens
NA,NA,NA,NA,NA,NA,NA,Rhinopias xenops
NA,NA,NA,NA,NA,NA,NA,Roa excelsa
NA,NA,NA,NA,NA,NA,NA,Rosenblattichthys hubbsi
NA,NA,NA,NA,NA,NA,NA,Saccogaster hawaii
NA,NA,NA,NA,NA,NA,NA,Saccogaster tuberculata
NA,NA,NA,NA,NA,NA,NA,Samariscus corallinus
NA,NA,NA,NA,NA,NA,NA,Sargocentron iota
NA,NA,NA,NA,NA,NA,NA,Sargocentron spinosissimum
NA,NA,NA,NA,NA,NA,NA,Saurenchelys stylura
NA,NA,NA,NA,NA,NA,NA,Scalicus hians
NA,NA,NA,NA,NA,NA,NA,Scolecenchelys cookei
NA,NA,NA,NA,NA,NA,NA,Scolecenchelys puhioilo
NA,NA,NA,NA,NA,NA,NA,Scopelengys clarkei
NA,NA,NA,NA,NA,NA,NA,Scorpaena pele
NA,NA,NA,NA,NA,NA,NA,Scorpaenopsis altirostris
NA,NA,NA,NA,NA,NA,NA,Scorpaenopsis brevifrons
NA,NA,NA,NA,NA,NA,NA,Scorpaenopsis pluralis
NA,NA,NA,NA,NA,NA,NA,Sebastapistes ballieui
NA,NA,NA,NA,NA,NA,NA,Sebastapistes galactacma
NA,NA,NA,NA,NA,NA,NA,Sigmops elongatus
NA,NA,NA,NA,NA,NA,NA,Sladenia remiger
NA,NA,NA,NA,NA,NA,NA,Solocisquama erythrina
NA,NA,NA,NA,NA,NA,NA,Sphagemacrurus gibber
NA,NA,NA,NA,NA,NA,NA,Stemonosudis elegans
NA,NA,NA,NA,NA,NA,NA,Stemonosudis elongata
NA,NA,NA,NA,NA,NA,NA,Symphurus undatus
NA,NA,NA,NA,NA,NA,NA,Synchiropus corallinus
NA,NA,NA,NA,NA,NA,NA,Synchiropus hawaiiensis
NA,NA,NA,NA,NA,NA,NA,Synchiropus kinmeiensis
NA,NA,NA,NA,NA,NA,NA,Synchiropus rosulentus
NA,NA,NA,NA,NA,NA,NA,Synchiropus rubrovinctus
NA,NA,NA,NA,NA,NA,NA,Synodus falcatus
NA,NA,NA,NA,NA,NA,NA,Synodus lobeli
NA,NA,NA,NA,NA,NA,NA,Torquigener florealis
NA,NA,NA,NA,NA,NA,NA,Torquigener randalli
NA,NA,NA,NA,NA,NA,NA,Typhlonus nasus
NA,NA,NA,NA,NA,NA,NA,Uropterygius inornatus
NA,NA,NA,NA,NA,NA,NA,Uropterygius marmoratus
NA,NA,NA,NA,NA,NA,NA,Uropterygius polyspilus
NA,NA,NA,NA,NA,NA,NA,Uropterygius supraforatus
NA,NA,NA,NA,NA,NA,NA,Uropterygius xenodontus
NA,NA,NA,NA,NA,NA,NA,Ventrifossa atherodon
NA,NA,NA,NA,NA,NA,NA,Ventrifossa ctenomelas
NA,NA,NA,NA,NA,NA,NA,Zenopsis nebulosa
